filename,RB,OB,PF,DE,FS,IS,RO,IN,AF,BE,FO,GR,PH,PB,OS,OP,OK
00000367.png,0,0,0,0,0,0,0,0,0,0,0,0,0,0,0,0,0
00001261.png,0,0,0,0,0,0,0,0,0,0,0,0,0,0,0,0,0
00002688.png,1,0,0,0,0,0,0,0,1,0,0,0,0,0,0,0,1
00003301.png,1,0,0,0,1,0,0,1,0,0,0,0,0,0,0,0,0
00003502.png,1,0,0,0,1,0,0,0,1,1,0,0,0,0,0,0,0
00003665.png,0,1,0,0,1,0,0,0,0,1,0,0,0,0,0,0,0
00004016.png,0,0,0,0,1,1,0,0,0,0,0,0,0,0,0,0,0
00004127.png,0,0,0,0,1,0,0,0,0,1,0,0,0,0,0,0,0
00004220.png,0,1,0,0,1,0,0,0,0,0,0,0,1,0,0,0,0
00004884.png,0,1,0,0,0,0,0,0,0,0,0,0,0,0,0,0,0
00005701.png,0,1,0,0,1,0,0,0,0,0,0,0,0,0,0,0,0
00005738.png,0,0,0,0,1,0,0,0,0,0,0,0,0,0,0,0,1
00008779.png,0,1,0,0,1,0,1,0,0,0,0,0,0,0,0,0,0
00009050.png,0,0,0,0,1,0,0,0,0,0,0,0,0,0,0,0,1
00009095.png,0,0,0,0,1,0,0,0,0,0,0,0,0,0,0,0,1
00010134.png,0,0,0,0,0,0,0,1,0,1,0,0,0,0,1,0,0
00010603.png,0,0,0,0,0,0,0,0,0,0,0,0,0,0,0,0,0
00011103.png,0,1,0,0,1,0,1,0,0,0,0,0,0,0,0,0,0
00011147.png,0,0,0,0,0,0,0,0,0,0,0,0,0,0,0,0,0
00011463.png,1,1,0,0,1,0,1,0,0,0,0,0,1,0,0,0,0
00012058.png,0,1,0,0,1,0,1,0,0,0,0,0,0,0,0,0,0
00012666.png,0,0,0,0,0,0,0,0,0,0,0,0,0,0,0,0,0
00012695.png,0,1,0,0,1,0,0,0,0,1,0,0,0,0,0,0,1
00012828.png,0,0,0,0,0,0,0,0,0,0,0,0,0,0,1,0,0
00013400.png,0,0,0,0,0,0,0,0,0,0,0,0,0,0,0,0,0
00014058.png,1,0,0,0,0,0,0,0,0,0,0,0,0,0,0,0,0
00014068.png,0,0,0,0,0,0,1,0,0,0,1,0,0,0,0,0,0
00015551.png,0,0,0,0,0,0,0,0,0,1,0,0,0,1,0,0,0
00017139.png,0,0,0,0,0,0,0,0,0,0,0,0,0,0,0,0,0
00017155.png,0,0,0,0,0,0,0,0,0,0,0,0,0,0,0,0,0
00018134.png,0,0,0,0,0,0,0,0,0,0,0,0,0,0,0,0,0
00018650.png,0,0,0,0,0,0,0,0,0,0,0,0,0,0,0,0,0
00019105.png,0,0,0,0,0,0,0,0,0,0,0,0,0,0,0,0,0
00019599.png,0,0,0,0,0,0,0,0,0,0,0,1,0,0,0,0,0
00021051.png,0,0,0,0,0,0,0,0,0,0,0,0,0,0,0,0,0
00021088.png,0,0,0,0,0,0,0,0,0,0,0,0,0,0,0,0,0
00021482.png,0,0,0,0,0,0,0,0,0,0,0,0,0,0,0,0,0
00022918.png,0,0,0,0,0,0,0,0,0,0,0,0,0,0,1,0,0
00023123.png,0,0,0,0,0,0,0,0,0,0,0,0,0,0,0,0,0
00023259.png,0,0,0,0,0,0,0,0,0,0,0,0,0,0,0,0,0
00023830.png,0,0,0,1,0,0,0,0,1,0,0,0,0,0,0,0,1
00023880.png,0,1,0,0,1,0,0,0,0,1,0,0,0,0,0,0,1
00024168.png,0,0,1,0,0,0,0,0,0,0,0,0,0,0,1,0,0
00024204.png,0,0,1,0,0,0,0,0,0,0,0,0,0,0,0,1,0
00024237.png,0,0,1,0,0,0,0,0,0,0,0,0,0,0,0,1,0
00024747.png,0,1,0,0,1,1,0,0,1,0,0,0,0,0,0,0,1
00025353.png,0,0,0,0,0,0,0,0,0,0,0,0,0,0,0,0,0
00025531.png,0,0,0,0,0,0,0,0,0,0,0,0,0,0,0,0,0
00025795.png,0,0,0,0,1,0,0,0,1,0,1,0,0,0,0,0,1
00026885.png,0,0,0,0,0,0,0,0,0,0,0,0,0,0,1,0,0
00027192.png,0,0,0,0,0,0,0,0,0,0,0,0,0,0,1,0,0
00027793.png,0,0,0,0,0,0,0,0,0,0,0,0,0,0,0,0,0
00028034.png,0,0,0,0,0,0,0,0,0,0,0,0,0,0,0,0,1
00028173.png,0,0,0,0,0,0,0,0,0,0,0,0,0,0,1,0,0
00028874.png,0,0,0,0,1,0,0,0,0,0,0,0,0,0,0,0,0
00029182.png,0,1,0,0,1,0,0,0,0,0,0,0,0,0,0,0,1
00032031.png,0,0,0,0,1,0,0,0,1,0,0,0,0,0,0,0,0
00033112.png,0,0,0,0,1,0,0,0,0,1,0,0,1,0,0,0,0
00033480.png,0,0,0,0,1,0,0,0,0,1,0,0,1,0,0,0,0
00034317.png,0,0,0,0,1,1,0,0,1,0,0,0,0,0,0,0,0
00037104.png,0,0,0,0,0,0,0,0,0,0,0,0,0,0,0,0,0
00037269.png,0,0,0,0,0,0,0,0,0,0,0,0,0,0,0,0,1
00037503.png,0,1,0,0,1,1,0,0,1,0,0,0,0,0,0,0,1
00038291.png,1,0,0,0,0,0,0,0,0,0,0,0,0,0,0,0,1
00038648.png,0,0,0,0,0,0,0,0,0,0,0,0,0,0,1,0,0
00039274.png,0,0,0,0,1,0,0,0,0,0,1,0,0,0,0,0,0
00039627.png,0,0,0,0,0,0,0,0,0,0,0,0,0,0,1,0,0
00039951.png,0,0,0,0,0,0,0,0,0,0,0,0,0,0,0,0,0
00040545.png,0,0,1,0,0,0,0,0,0,0,0,0,0,0,1,0,0
00040683.png,0,0,1,0,0,0,0,0,0,0,0,0,0,0,0,0,0
00040762.png,0,1,0,0,0,0,0,0,0,0,0,0,0,1,0,0,0
00041682.png,1,1,0,0,1,0,0,0,0,1,0,0,1,0,0,0,0
00042163.png,0,1,0,0,0,0,1,0,0,1,0,0,0,0,0,0,0
00042678.png,0,0,0,1,0,0,0,0,0,0,0,0,0,0,0,0,1
00043876.png,0,0,0,0,1,0,0,0,0,0,1,0,0,0,0,0,0
00043958.png,0,0,0,0,1,0,0,0,1,0,0,0,0,0,0,0,1
00044474.png,0,0,0,0,0,0,0,0,0,0,0,0,0,0,1,0,0
00044687.png,0,0,0,0,1,0,0,0,1,0,0,0,0,0,0,0,0
00044757.png,0,0,0,0,0,0,0,0,0,0,0,0,0,0,0,0,0
00044798.png,0,0,0,0,0,0,0,0,0,0,0,0,0,0,0,0,0
00044868.png,0,0,0,0,1,0,0,0,0,0,0,0,0,0,0,0,1
00047420.png,0,0,0,0,0,0,0,0,0,0,0,0,0,0,0,0,0
00047812.png,0,0,0,0,0,0,0,0,0,0,0,0,0,0,0,0,0
00047888.png,0,1,0,0,1,1,0,0,0,0,0,0,0,0,0,0,1
00048633.png,0,0,0,0,0,0,0,0,0,0,0,0,0,0,1,0,0
00050370.png,0,0,0,0,1,0,0,0,0,1,0,0,0,0,0,0,0
00050745.png,0,0,0,0,0,0,0,0,0,0,0,0,0,0,1,0,0
00051164.png,0,0,0,0,1,1,0,0,0,0,0,0,0,0,0,0,1
00051196.png,1,0,0,0,1,0,0,0,1,0,0,0,0,0,0,0,0
00051880.png,0,0,0,0,0,0,0,0,0,0,0,0,0,0,0,0,0
00053234.png,0,0,0,0,0,0,0,0,0,0,0,0,0,0,0,0,0
00054194.png,0,0,0,0,0,0,0,0,0,0,0,0,0,0,1,0,0
00054787.png,1,0,0,0,1,0,0,0,0,0,0,0,0,0,0,0,0
00055253.png,0,0,0,0,1,0,0,0,0,0,0,0,0,0,0,0,0
00055932.png,0,0,0,0,0,0,0,0,0,0,0,0,0,0,1,0,0
00056196.png,0,1,0,0,1,0,0,0,1,1,0,0,0,0,0,0,0
00057034.png,0,0,0,0,1,0,0,0,1,0,0,0,0,0,0,0,1
00057277.png,0,0,0,0,0,0,0,0,0,0,0,0,0,0,1,0,0
00057499.png,0,0,0,0,1,0,1,0,1,0,0,0,0,0,0,0,1
00058210.png,0,0,0,0,0,0,0,0,0,0,0,0,0,0,0,0,0
00059040.png,0,0,0,0,0,0,0,0,0,0,0,0,0,0,0,0,0
00059427.png,0,0,0,0,0,0,0,0,0,0,0,0,0,0,1,0,0
00059593.png,1,0,0,0,1,0,0,0,0,0,0,0,0,0,0,0,1
00060025.png,0,1,0,0,1,0,0,0,0,1,0,0,1,0,0,0,0
00060765.png,0,1,0,0,1,0,0,0,0,0,0,0,0,0,0,0,1
00061814.png,0,1,0,0,1,0,0,0,1,0,0,0,0,0,0,0,1
00062140.png,0,1,0,0,1,0,0,0,0,0,0,0,0,0,0,0,1
00062911.png,0,0,0,0,0,0,0,0,0,0,0,0,0,1,0,0,0
00062983.png,0,0,0,0,0,0,0,0,0,0,0,0,0,0,0,0,0
00063257.png,0,0,0,0,0,0,0,0,0,0,0,0,0,0,0,0,0
00063834.png,0,0,0,0,1,0,0,0,1,1,0,0,0,0,0,0,0
00064305.png,0,0,0,0,1,0,0,0,0,0,0,0,0,0,0,0,1
00065117.png,0,0,0,0,0,0,0,0,1,0,0,0,0,0,0,0,0
00066977.png,1,1,0,0,0,0,1,0,0,0,1,0,0,0,0,0,0
00067537.png,1,1,0,0,1,0,0,0,1,0,0,0,0,0,0,0,0
00068938.png,0,0,0,0,1,0,0,0,1,0,0,1,0,0,0,0,0
00069229.png,0,0,0,0,0,0,1,0,0,0,0,0,0,0,0,0,0
00069289.png,0,1,0,0,1,0,0,0,0,0,0,0,0,0,0,0,0
00069299.png,0,1,0,0,1,0,0,0,1,0,0,0,0,0,0,0,1
00069587.png,0,0,0,0,0,0,0,0,0,0,0,0,0,0,0,0,0
00069590.png,0,0,0,0,0,0,0,0,0,0,0,0,0,0,1,0,0
00070307.png,0,1,0,0,1,0,0,0,1,0,0,1,0,0,0,0,0
00071139.png,1,1,0,0,0,0,0,0,0,0,0,0,1,0,0,0,0
00071310.png,0,1,0,0,1,0,0,0,1,0,0,0,0,0,0,0,0
00073110.png,0,0,0,0,1,0,0,0,1,0,1,0,0,0,0,0,0
00073321.png,0,0,0,0,1,0,0,0,1,0,0,0,0,0,0,0,0
00073500.png,0,0,0,0,1,0,0,0,0,0,0,0,0,0,0,0,0
00074365.png,0,0,0,0,1,0,1,0,0,0,0,0,0,0,0,0,1
00074428.png,1,0,0,0,0,0,0,1,0,1,0,0,0,0,0,0,0
00075013.png,0,0,0,0,0,0,0,0,0,0,0,0,0,0,0,0,0
00075920.png,0,0,0,0,0,0,0,0,0,0,0,0,0,0,0,0,0
00076246.png,0,1,0,0,1,0,0,0,0,0,0,0,0,0,0,0,1
00076292.png,0,1,0,0,1,0,0,0,0,1,0,0,0,0,0,0,0
00078206.png,0,0,0,0,0,0,0,0,0,0,0,0,0,0,0,0,0
00078303.png,1,1,0,0,1,1,0,0,1,1,0,0,0,0,0,0,0
00078448.png,0,1,0,0,1,1,0,0,0,1,0,0,0,0,0,0,0
00079074.png,0,1,0,0,1,0,0,0,0,0,1,0,0,0,0,0,1
00079082.png,1,1,0,0,1,1,0,0,0,1,0,0,0,0,0,0,0
00079225.png,1,1,0,0,1,0,0,0,1,1,0,0,0,0,0,0,1
00079271.png,0,0,0,0,0,0,0,0,0,0,0,0,0,0,0,0,0
00079334.png,0,1,0,0,1,1,0,0,0,1,0,0,0,0,0,0,0
00079526.png,0,1,0,0,1,0,0,0,0,0,1,0,0,0,0,0,1
00079745.png,0,1,0,0,1,0,0,0,0,0,0,0,0,0,0,0,1
00080357.png,0,0,0,0,0,0,0,0,0,0,0,0,0,0,0,0,0
00080432.png,1,0,0,0,1,0,0,0,0,0,0,0,0,0,0,0,0
00081202.png,0,1,0,0,1,0,0,0,0,0,0,1,0,0,0,0,0
00081262.png,0,1,0,0,1,0,0,0,0,0,0,1,0,0,0,0,0
00081906.png,0,0,0,0,1,0,0,0,0,0,0,0,0,0,0,0,0
00082386.png,1,0,0,0,1,0,0,0,0,0,0,0,0,0,0,0,1
00082808.png,0,1,0,0,0,1,0,0,0,0,0,0,0,0,0,0,0
00082820.png,0,0,0,0,0,1,0,0,0,0,0,0,0,0,0,0,1
00084374.png,0,0,0,0,0,0,0,0,0,0,0,0,0,0,0,0,0
00084619.png,0,0,0,0,1,0,0,0,0,0,1,0,0,0,0,0,0
00084690.png,0,0,0,0,0,0,0,0,0,0,0,1,0,0,0,0,0
00085135.png,0,1,0,0,1,1,0,0,1,0,0,0,0,0,0,0,0
00085596.png,0,0,0,0,0,0,0,0,0,0,0,0,0,0,0,0,0
00085881.png,0,0,0,0,1,0,0,0,1,1,0,0,0,0,0,0,1
00086571.png,0,0,0,0,0,0,0,0,0,0,0,0,0,0,0,0,0
00087060.png,1,0,0,0,1,0,0,0,0,0,0,0,0,0,0,0,0
00087178.png,0,0,0,0,0,0,0,0,0,0,0,0,0,0,1,0,0
00088209.png,0,1,0,0,1,0,0,1,0,0,0,0,0,0,0,0,0
00088227.png,0,0,0,0,1,1,0,0,1,0,0,0,0,0,0,0,1
00088471.png,0,0,0,0,1,1,0,0,1,0,0,0,0,0,0,0,0
00090221.png,0,1,0,0,1,0,0,0,0,0,1,0,0,0,0,0,1
00090600.png,0,0,0,0,0,0,0,0,0,0,0,0,0,0,0,0,0
00090666.png,1,1,0,0,1,1,0,0,0,1,0,0,0,0,0,0,0
00090751.png,1,1,0,0,0,0,0,0,0,1,0,0,1,0,0,0,0
00090875.png,0,0,0,0,0,0,1,0,0,0,0,0,0,0,0,0,1
00091928.png,0,1,0,0,1,0,0,0,1,0,0,0,0,0,0,0,1
00091984.png,1,0,0,0,0,0,0,0,0,0,0,0,0,0,0,0,1
00092539.png,1,1,0,0,1,0,0,0,0,0,0,0,1,0,0,0,0
00094149.png,0,0,0,0,0,0,0,0,0,0,0,0,0,0,0,0,0
00094507.png,0,0,0,0,0,0,0,0,0,0,0,0,0,0,0,0,0
00095678.png,0,0,0,0,0,0,0,0,0,0,0,0,0,0,0,0,0
00096549.png,1,0,0,0,1,0,0,0,0,0,0,0,0,0,0,0,0
00096620.png,0,0,0,0,1,0,1,0,0,0,0,1,0,0,0,0,0
00097005.png,0,0,0,0,1,0,0,0,1,0,0,0,1,0,0,0,0
00097105.png,0,0,0,0,0,0,0,0,0,0,0,0,0,0,0,0,0
00097199.png,0,0,0,0,1,0,0,0,0,0,0,0,1,0,0,0,0
00097537.png,0,0,0,0,1,0,0,0,0,0,0,1,0,0,0,0,0
00097705.png,1,0,0,0,1,0,0,0,1,0,0,0,0,0,0,0,1
00098213.png,1,0,0,0,0,0,0,0,1,0,1,0,0,0,0,0,0
00098259.png,0,0,0,0,1,0,0,0,0,0,1,1,0,0,0,0,0
00098369.png,0,0,0,0,1,0,0,0,0,1,0,0,0,0,0,0,0
00099512.png,0,1,0,0,1,0,0,0,1,0,0,0,0,0,0,0,1
00100225.png,0,0,0,0,0,0,0,0,0,0,0,0,0,0,0,0,1
00100645.png,0,0,0,0,0,1,1,0,0,0,0,0,0,0,0,0,1
00100866.png,0,0,0,0,1,0,0,0,0,0,1,0,0,0,0,0,1
00101705.png,0,0,0,0,0,0,0,0,1,0,0,0,0,0,0,0,1
00102400.png,1,0,0,0,1,0,0,0,0,0,0,0,0,0,0,0,0
00102594.png,0,0,0,0,1,0,0,0,1,1,0,1,0,0,0,0,0
00103151.png,0,0,0,0,0,0,0,0,0,0,0,0,0,0,0,0,0
00103445.png,0,0,0,0,0,0,0,0,0,0,0,0,0,0,1,0,0
00103501.png,0,0,0,0,0,0,0,0,0,0,0,0,0,0,1,0,0
00103639.png,0,0,0,0,1,0,1,0,0,0,0,0,0,0,0,0,1
00103946.png,0,0,0,0,0,0,0,0,0,0,0,0,0,0,0,0,0
00104125.png,0,0,0,0,0,0,0,0,0,0,0,0,1,0,0,0,0
00104376.png,0,0,0,0,1,0,0,0,0,0,1,0,0,0,0,0,1
00104498.png,0,0,0,0,1,0,0,0,1,0,0,0,0,0,0,0,1
00104836.png,1,0,0,0,1,0,1,0,0,0,0,1,0,0,0,0,0
00104898.png,0,1,0,0,0,0,0,0,0,0,0,0,0,0,0,0,0
00105019.png,0,0,0,0,0,0,0,0,0,0,0,0,0,0,0,0,0
00105371.png,0,0,0,0,0,0,1,0,0,0,0,0,0,0,0,0,0
00105422.png,1,0,0,0,0,0,0,0,0,0,0,0,0,0,0,0,0
00105786.png,0,0,0,0,0,0,0,0,0,0,0,0,0,0,0,0,0
00105815.png,0,1,0,0,0,0,1,0,1,0,0,1,0,0,0,0,0
00107615.png,1,1,0,0,1,0,0,0,0,0,0,0,0,0,0,0,0
00107882.png,1,0,0,0,0,0,0,0,0,0,1,0,0,0,0,0,0
00108525.png,1,1,0,0,1,0,0,0,0,0,0,0,0,0,0,0,0
00108651.png,0,0,0,0,1,0,0,0,0,0,0,0,0,0,0,0,0
00109417.png,1,1,0,0,0,0,0,0,0,1,0,0,1,0,0,0,0
00109445.png,0,1,0,0,1,0,0,0,0,0,1,0,0,0,0,0,0
00109665.png,0,1,0,0,1,0,0,0,0,1,0,0,1,0,0,0,0
00111877.png,0,0,0,0,1,0,0,0,0,0,0,0,0,0,0,0,1
00112912.png,1,0,0,0,0,0,0,0,0,0,0,0,1,0,0,0,0
00113456.png,0,1,0,0,1,0,0,0,0,1,0,1,0,0,0,0,0
00113466.png,0,1,0,0,1,0,0,0,0,0,0,0,0,0,0,0,1
00113802.png,0,0,0,0,1,1,0,0,1,0,0,0,0,0,0,0,1
00114042.png,0,0,0,0,1,1,0,0,0,0,0,0,0,0,0,0,1
00114301.png,0,0,0,0,1,1,0,0,0,0,0,0,0,0,0,0,0
00114957.png,0,0,0,0,0,0,0,0,0,1,0,0,0,0,1,0,0
00116422.png,0,0,0,0,1,0,0,0,0,0,0,1,0,0,0,0,0
00116581.png,1,0,0,0,1,0,1,0,0,0,0,0,0,0,0,0,0
00116806.png,0,0,0,0,0,0,0,0,0,1,0,0,0,0,1,0,0
00117003.png,0,1,0,0,1,0,0,0,0,1,0,1,0,0,0,0,1
00119207.png,0,1,0,0,1,0,0,0,0,1,0,0,0,0,0,0,0
00119789.png,0,1,0,0,0,0,1,0,0,0,0,0,0,0,0,0,0
00120705.png,0,0,0,0,0,0,0,0,0,0,0,0,0,0,0,0,0
00121148.png,0,0,0,0,1,0,0,0,1,0,0,0,1,0,0,0,0
00121234.png,0,0,0,0,1,0,0,0,1,0,0,0,0,0,0,0,0
00122527.png,0,1,0,0,1,0,0,0,0,0,0,0,0,0,0,0,0
00122962.png,1,1,0,0,1,0,0,0,1,0,0,0,1,0,0,0,0
00124091.png,0,0,0,0,0,0,0,0,0,0,0,0,0,0,0,0,0
00124689.png,0,0,0,0,1,0,0,0,0,0,1,0,0,0,0,0,1
00125419.png,0,1,0,0,0,0,1,0,1,0,0,0,0,0,0,0,0
00126390.png,0,0,0,0,0,0,0,0,0,0,0,0,0,0,0,0,1
00126708.png,0,0,0,0,0,0,1,0,0,0,0,0,0,0,0,0,0
00127748.png,0,0,0,0,1,0,0,0,0,0,1,0,0,0,0,0,1
00128375.png,0,0,0,0,1,0,0,0,1,0,0,0,0,0,0,0,1
00130491.png,0,1,0,0,1,0,0,0,0,0,0,0,0,0,0,0,0
00130997.png,0,1,0,0,1,0,0,0,0,0,0,0,0,0,0,0,0
00131335.png,0,0,0,0,0,0,0,0,0,0,0,0,0,0,0,0,0
00132274.png,0,0,0,0,0,0,0,0,0,0,0,0,0,0,0,0,0
00132845.png,0,0,0,0,0,0,0,1,0,0,0,0,0,0,1,0,0
00132967.png,0,0,0,0,1,0,0,0,0,0,0,0,0,0,0,0,0
00133080.png,0,1,0,0,1,1,0,0,0,0,0,0,0,0,0,0,1
00134953.png,1,0,0,0,1,0,0,0,1,0,0,0,0,0,0,0,1
00135154.png,1,1,0,0,1,0,0,0,0,1,0,0,0,0,0,0,0
00135759.png,0,0,0,1,0,0,0,0,1,0,0,0,0,0,0,0,0
00136054.png,0,0,0,0,1,0,0,0,0,1,0,0,0,0,0,0,1
00136247.png,0,0,0,0,0,0,0,0,0,0,0,1,0,0,0,0,0
00136399.png,0,1,0,0,1,0,0,0,0,0,1,0,0,0,0,0,1
00136404.png,0,1,0,0,1,0,0,0,0,0,1,0,0,0,0,0,1
00136864.png,0,0,0,0,0,0,0,0,0,0,0,0,0,0,0,0,0
00136891.png,0,1,0,0,1,0,0,0,0,0,0,0,0,0,0,0,0
00137831.png,0,1,0,0,1,1,0,0,0,0,0,0,0,0,0,0,1
00137945.png,0,0,0,0,1,0,0,0,1,0,0,0,0,0,0,0,1
00138208.png,0,0,0,0,1,1,0,0,1,0,0,0,0,0,0,0,0
00138387.png,1,0,0,0,1,1,0,0,0,0,0,0,0,0,0,0,1
00138634.png,0,1,0,0,1,0,1,0,0,0,0,0,0,0,0,0,0
00141042.png,0,0,0,0,0,0,0,0,0,0,0,0,0,0,0,0,0
00141389.png,0,0,0,0,0,0,0,0,0,0,0,0,0,0,0,0,0
00141611.png,0,0,0,0,0,0,0,0,0,0,0,0,0,0,0,0,0
00141649.png,0,1,0,0,1,1,0,0,0,0,0,0,0,0,0,0,1
00141827.png,0,0,0,0,0,0,0,0,0,0,0,0,0,0,0,0,0
00141882.png,0,0,0,0,1,1,0,0,0,0,0,0,0,0,0,0,0
00142211.png,0,1,0,0,1,0,1,0,0,0,0,0,0,0,0,0,1
00142359.png,0,0,0,0,0,0,0,0,0,0,0,0,0,0,0,0,0
00143198.png,0,0,0,1,0,0,0,0,1,0,0,0,0,0,0,0,0
00143789.png,0,0,0,1,0,0,0,0,0,0,0,1,0,0,0,0,0
00143813.png,0,0,0,1,0,0,0,0,1,0,0,0,0,0,0,0,0
00143886.png,0,0,0,1,0,0,0,0,1,0,0,0,0,0,0,0,0
00145110.png,1,0,0,0,1,0,0,0,0,0,0,0,0,0,0,0,1
00145175.png,1,0,0,0,0,1,0,0,0,0,0,0,0,0,0,0,1
00145648.png,1,0,0,0,0,0,0,0,0,0,1,0,0,0,0,0,0
00145771.png,0,0,0,0,1,0,0,0,1,0,0,0,0,0,0,0,1
00146293.png,0,0,0,0,0,0,0,0,0,0,0,0,0,0,0,0,0
00147022.png,1,0,0,0,1,0,0,0,0,0,0,0,0,0,0,0,0
00149395.png,0,0,0,0,0,0,0,0,0,0,0,0,0,0,0,0,0
00149445.png,0,1,0,0,1,0,0,0,1,0,1,0,0,0,0,0,0
00150210.png,0,0,0,0,0,0,0,0,0,0,0,0,0,0,0,0,1
00150504.png,0,0,0,0,1,0,1,0,0,0,0,0,0,0,0,0,0
00151130.png,0,0,0,0,0,0,0,0,0,0,0,0,0,0,0,0,0
00151222.png,0,0,0,0,0,0,0,0,0,0,0,0,0,0,0,0,0
00151739.png,0,0,0,0,1,0,0,0,1,0,0,0,1,0,0,0,0
00152051.png,0,1,0,0,1,0,0,0,0,0,0,0,0,0,0,0,0
00153159.png,0,0,0,0,1,0,0,0,1,0,0,0,0,0,0,0,0
00153313.png,0,0,0,0,1,0,0,0,0,0,0,0,0,0,0,0,0
00155804.png,1,0,0,0,1,0,0,0,0,0,0,0,0,0,0,0,1
00156799.png,0,0,0,0,1,0,0,0,0,0,0,0,1,0,0,0,0
00156802.png,1,0,0,0,0,0,0,0,0,0,0,0,1,0,0,0,0
00157875.png,0,0,0,0,1,0,1,0,0,0,0,0,0,0,0,0,0
00160316.png,0,1,0,0,1,0,0,1,0,1,0,0,0,0,0,0,0
00163308.png,0,1,0,0,1,0,0,0,1,0,0,0,0,0,0,0,0
00164751.png,0,0,0,0,0,0,0,0,0,0,0,0,0,0,0,0,0
00165804.png,0,1,0,0,1,0,0,0,0,0,0,0,0,0,0,0,0
00166823.png,0,0,0,0,0,0,0,0,0,1,0,0,0,0,0,0,0
00166862.png,0,1,0,0,0,1,0,0,0,1,0,0,0,0,0,0,0
00167509.png,0,1,0,0,1,0,0,0,0,1,0,0,0,0,0,0,0
00168344.png,0,1,0,0,0,0,0,0,1,1,0,1,0,0,0,0,0
00169260.png,0,1,0,0,1,0,0,0,0,1,0,0,0,0,0,0,0
00169977.png,1,1,0,0,1,0,0,0,0,1,0,0,0,0,0,0,0
00171132.png,0,0,0,0,1,0,0,0,0,0,0,1,0,0,0,0,0
00171166.png,0,0,0,0,0,1,0,0,0,0,0,0,0,0,0,0,0
00171223.png,0,0,0,0,1,0,0,1,0,1,0,0,0,0,0,0,0
00171534.png,1,0,0,0,1,0,0,0,0,1,0,0,0,0,0,0,1
00173010.png,0,0,0,0,0,0,0,0,0,0,0,0,0,0,0,0,0
00173942.png,0,0,0,0,0,0,0,0,0,0,0,1,0,0,0,0,0
00174230.png,0,0,0,0,0,0,0,0,0,0,0,0,0,0,0,0,0
00174242.png,0,0,0,0,0,0,0,0,0,0,0,0,0,0,0,0,0
00174535.png,0,0,0,0,0,0,0,0,0,0,0,0,0,0,0,0,0
00177882.png,0,0,0,0,0,0,0,0,1,0,1,0,0,0,0,0,1
00178253.png,0,1,0,0,1,0,0,1,0,0,0,0,0,0,0,0,0
00178489.png,0,1,0,0,0,0,0,1,1,0,0,0,0,0,0,0,0
00178560.png,0,0,0,0,1,1,0,0,0,0,0,0,0,0,0,0,0
00179622.png,1,1,0,0,1,0,0,0,0,0,0,0,0,0,0,0,0
00179699.png,0,1,0,0,1,0,0,0,0,0,0,0,0,0,0,0,1
00180185.png,0,1,0,0,1,0,1,0,0,0,0,0,0,0,0,0,0
00181231.png,0,0,0,0,0,0,0,0,0,0,0,0,0,0,0,0,0
00181398.png,0,0,0,0,0,0,0,0,0,0,0,0,0,0,0,0,0
00181694.png,1,1,0,0,1,0,0,0,0,0,0,0,0,1,0,0,0
00184057.png,0,0,0,0,1,0,0,0,1,0,0,0,0,0,0,0,1
00184112.png,0,1,0,0,1,0,0,0,1,0,0,1,0,0,0,0,0
00185154.png,0,0,0,0,0,0,0,0,0,0,0,0,0,0,0,0,0
00185539.png,0,1,0,0,1,0,0,1,0,1,0,0,0,0,0,0,0
00185550.png,1,1,0,0,1,0,1,1,0,1,0,0,1,0,0,0,0
00185734.png,0,0,0,0,0,0,0,0,0,0,0,0,0,0,0,0,0
00187453.png,0,0,0,0,0,0,0,0,0,0,0,0,0,0,0,0,0
00188564.png,0,0,0,0,0,0,0,0,0,0,0,0,0,0,0,0,0
00188691.png,0,0,0,0,0,0,0,0,0,0,0,0,0,0,0,0,0
00189829.png,0,0,0,0,0,0,0,0,0,0,0,0,0,0,0,0,0
00190162.png,0,1,0,0,0,0,0,1,0,0,0,0,0,0,0,0,0
00190467.png,0,0,0,0,0,0,0,0,0,0,0,0,0,0,0,0,0
00190824.png,0,0,0,0,0,0,0,0,0,0,0,0,0,0,0,1,0
00191411.png,0,0,1,0,0,0,0,0,0,0,0,0,0,0,0,0,1
00192968.png,0,0,0,0,0,0,0,0,0,0,0,0,0,0,0,0,0
00193620.png,0,0,0,0,0,0,0,0,0,0,0,0,0,0,0,0,0
00193895.png,0,1,0,0,0,0,0,1,0,1,0,0,0,0,0,0,0
00194038.png,0,0,0,0,0,0,0,0,0,0,0,0,0,0,0,0,0
00194621.png,0,0,0,0,0,0,0,0,0,0,0,0,0,0,0,0,0
00195444.png,0,0,0,0,0,0,0,0,0,0,0,0,0,0,0,0,0
00196035.png,0,0,0,0,0,0,0,0,0,0,0,0,0,0,0,0,0
00196117.png,0,0,0,0,0,0,0,0,0,0,0,0,0,0,0,0,0
00196604.png,0,0,0,0,0,0,0,0,0,0,0,0,0,0,0,0,0
00197481.png,0,1,0,0,1,0,0,0,0,0,1,1,0,0,0,0,0
00197567.png,0,1,0,0,1,0,0,0,0,0,0,1,0,0,0,0,0
00199322.png,1,1,0,0,1,0,0,0,0,0,1,0,0,0,0,0,0
00199487.png,0,1,0,0,1,0,0,0,0,0,0,0,0,0,0,0,1
00199862.png,0,1,0,0,1,0,1,0,0,0,1,0,0,0,0,0,0
00200657.png,0,0,0,0,1,1,0,1,0,1,0,0,0,0,0,0,1
00200662.png,0,0,0,0,1,1,0,1,0,1,0,0,0,0,0,0,0
00200929.png,0,0,0,0,0,0,0,0,0,0,1,0,0,0,0,0,1
00201639.png,0,0,0,0,0,0,0,0,0,0,0,0,0,0,0,0,0
00201962.png,0,0,0,0,0,0,0,0,0,0,0,0,0,0,0,0,0
00203507.png,0,0,0,0,1,1,0,0,0,0,0,0,0,0,0,0,0
00206172.png,0,0,0,0,0,0,0,0,0,0,0,0,0,0,0,0,0
00207306.png,0,0,0,0,0,0,0,0,0,0,0,0,0,0,0,0,0
00207921.png,0,0,0,0,0,0,0,0,0,0,0,0,0,0,0,0,0
00209325.png,0,0,0,0,0,0,0,0,0,0,0,0,0,0,0,0,0
00209942.png,0,1,0,0,1,0,0,0,1,0,0,1,0,0,0,0,0
00210806.png,0,0,0,0,0,0,0,0,0,0,0,0,0,0,0,0,0
00211629.png,0,0,0,0,0,0,0,0,0,0,0,0,0,0,0,0,0
00212623.png,0,0,0,0,0,0,0,0,0,0,0,0,0,0,0,0,0
00213081.png,0,0,0,0,0,0,0,0,0,1,0,0,1,0,0,0,0
00213693.png,0,0,0,0,0,0,0,0,0,0,0,0,0,0,0,0,0
00213850.png,0,0,0,0,0,0,0,0,0,0,0,0,0,0,0,0,0
00214033.png,0,0,0,0,0,0,0,0,0,0,0,0,0,0,0,0,0
00214831.png,0,0,0,0,0,0,0,0,0,0,0,0,0,0,0,0,0
00215909.png,0,0,0,0,0,0,0,0,0,0,0,0,1,0,0,0,0
00216484.png,0,1,0,0,0,0,0,0,0,1,0,0,0,0,0,0,0
00217178.png,0,0,0,0,0,0,0,0,0,0,0,0,0,0,0,0,0
00217376.png,0,0,0,0,0,0,0,0,0,0,0,0,0,0,0,0,0
00217449.png,0,1,0,0,1,0,0,1,0,0,0,0,0,0,0,0,0
00217963.png,0,1,0,0,1,0,0,0,0,0,0,0,0,0,0,0,0
00219873.png,0,0,0,0,0,0,0,1,0,0,0,0,0,0,0,0,0
00220000.png,0,0,0,0,0,0,0,0,0,0,0,0,0,0,0,0,0
00220548.png,0,1,0,0,0,0,0,0,0,1,0,0,0,0,0,0,0
00221152.png,0,0,0,0,0,0,0,0,0,0,0,0,0,0,0,0,0
00221153.png,0,0,0,0,0,0,0,0,0,0,0,0,0,0,0,0,0
00221260.png,0,0,0,0,0,0,0,0,0,0,0,0,1,0,0,0,0
00223122.png,0,0,0,0,0,0,0,0,0,0,0,0,0,0,0,0,0
00223420.png,0,0,0,0,0,0,0,0,0,0,0,0,0,0,0,0,0
00223614.png,0,0,0,1,0,0,0,0,0,0,0,0,0,0,0,1,0
00224193.png,0,0,1,0,0,0,0,0,0,0,0,0,0,0,0,0,1
00224232.png,0,0,0,1,0,0,0,0,0,0,0,0,0,0,0,1,0
00224271.png,0,0,0,1,0,0,0,0,0,0,0,0,0,0,0,0,0
00224367.png,0,0,0,1,0,0,0,0,0,0,0,0,0,0,0,0,0
00224450.png,0,0,1,0,0,0,0,0,0,0,0,0,0,0,0,0,1
00224490.png,0,0,0,1,0,0,0,0,0,0,0,0,0,0,0,0,0
00224529.png,0,0,1,1,0,0,0,0,0,0,0,0,0,0,0,0,1
00224922.png,0,0,0,0,0,0,0,0,0,0,0,0,0,0,0,0,0
00225533.png,0,0,0,0,0,0,0,0,0,0,0,0,1,0,0,0,0
00225779.png,0,0,0,0,0,0,0,0,0,0,0,0,0,0,0,0,0
00226613.png,0,0,0,0,0,0,0,0,0,0,0,0,0,0,0,0,0
00226823.png,0,0,0,0,0,0,0,0,0,0,0,0,0,0,0,0,0
00227201.png,0,0,0,0,0,0,0,0,0,0,0,0,0,0,0,0,0
00227715.png,0,0,0,0,0,0,0,0,0,0,0,0,0,0,0,0,0
00229742.png,0,0,0,0,0,0,0,0,0,0,0,0,0,0,0,0,0
00229937.png,0,0,0,0,0,1,0,0,0,0,0,0,0,0,0,0,1
00231031.png,0,0,0,0,0,0,0,0,0,0,0,0,0,0,0,0,0
00231337.png,0,0,0,0,0,0,0,0,0,0,0,0,0,0,0,0,0
00232333.png,0,0,0,0,0,0,0,0,0,0,0,0,0,0,0,0,0
00232865.png,0,0,0,0,1,0,0,0,0,0,1,0,0,0,0,0,1
00235412.png,0,0,0,0,0,0,0,0,0,0,0,0,0,0,0,0,1
00235671.png,0,0,0,0,0,0,0,0,0,0,0,0,0,0,0,0,0
00235785.png,0,0,0,0,0,0,0,0,0,0,0,0,0,0,0,0,0
00235859.png,0,0,0,0,0,0,0,0,0,0,0,0,0,0,0,0,0
00237144.png,0,0,0,0,0,0,0,0,0,0,0,0,0,1,0,0,0
00237513.png,0,0,0,0,0,0,0,0,0,0,0,0,0,0,0,0,0
00237955.png,0,0,0,0,0,0,0,0,0,0,0,0,0,0,0,0,0
00238209.png,0,0,0,0,0,0,0,0,0,0,0,0,0,0,0,0,0
00240067.png,0,0,0,0,0,0,0,0,0,0,0,0,0,0,0,0,1
00242871.png,0,0,0,0,0,0,0,0,0,0,0,0,0,0,0,0,0
00243497.png,0,0,0,0,0,0,0,0,0,0,0,1,0,0,0,0,0
00244605.png,0,0,0,0,0,0,0,0,0,1,0,0,0,0,0,0,0
00245851.png,0,0,0,0,0,0,0,0,0,0,0,0,0,0,0,0,0
00246588.png,0,0,0,0,0,0,0,0,0,0,0,0,0,0,0,0,0
00247281.png,0,0,0,0,0,0,0,0,0,0,0,0,0,0,0,0,0
00247508.png,0,0,0,0,0,0,0,0,0,0,0,0,0,0,0,0,0
00247582.png,0,0,0,0,0,0,0,0,0,0,0,0,0,0,0,0,0
00248048.png,0,0,0,0,0,0,0,0,0,0,0,0,0,0,0,0,0
00248644.png,0,0,0,0,0,0,0,0,0,0,0,0,0,0,0,0,0
00249164.png,0,0,0,0,0,0,0,0,0,0,0,0,0,0,0,0,0
00249237.png,0,0,0,0,0,0,0,0,0,0,0,0,0,0,0,0,0
00249575.png,0,0,0,0,0,0,0,0,0,0,0,0,0,0,0,0,0
00250210.png,0,0,0,0,0,0,0,0,0,0,0,0,0,0,0,0,0
00252550.png,0,0,0,0,0,0,0,0,0,0,0,0,0,0,0,0,0
00253737.png,0,0,0,0,0,0,0,0,0,0,0,0,0,0,0,0,0
00256119.png,0,0,0,0,0,0,0,0,0,0,0,0,0,0,0,0,0
00256128.png,0,0,0,0,0,0,0,0,0,0,0,0,0,0,0,0,0
00256621.png,0,0,0,0,0,0,0,0,1,0,0,0,0,0,0,0,1
00256630.png,0,0,0,0,0,0,0,0,0,0,0,0,0,0,0,0,0
00256651.png,0,0,0,0,0,0,0,0,0,0,0,0,0,0,0,0,1
00256720.png,0,0,0,0,0,0,0,0,0,0,0,0,0,0,0,0,0
00257467.png,0,0,0,1,0,0,0,0,0,0,0,0,0,0,0,0,0
00259262.png,0,0,0,0,0,0,0,0,0,0,0,0,0,0,0,0,0
00260075.png,0,0,0,0,0,0,0,0,0,0,0,0,0,0,0,0,0
00261220.png,0,0,0,0,0,0,0,0,0,0,0,0,0,0,0,0,0
00261277.png,0,0,0,0,0,0,0,0,0,0,0,0,0,0,0,0,0
00262039.png,0,0,0,0,1,0,0,0,1,0,0,0,0,0,0,0,1
00262897.png,0,0,0,0,0,0,0,0,0,0,0,0,0,0,0,0,0
00262898.png,0,0,0,0,0,0,0,0,0,0,0,0,0,0,0,0,0
00263377.png,0,0,0,0,0,0,0,0,0,0,0,0,0,0,0,0,0
00263527.png,0,0,0,0,0,0,0,0,0,0,0,0,0,0,0,0,0
00263808.png,0,0,0,0,0,0,0,0,0,0,0,0,0,0,0,0,0
00264631.png,0,0,0,0,0,0,0,0,0,0,0,0,0,0,0,0,0
00266598.png,0,0,0,0,0,0,0,0,0,0,0,0,0,0,0,0,0
00267261.png,0,0,0,0,0,0,0,0,0,0,0,0,0,0,0,0,0
00267906.png,0,0,0,0,0,0,0,0,0,0,0,0,0,0,0,0,0
00267982.png,0,0,0,0,0,0,0,0,0,0,0,0,0,0,0,0,0
00268241.png,0,0,0,0,0,0,0,0,0,0,0,0,0,0,0,0,0
00268885.png,0,0,0,0,0,0,0,0,0,0,0,1,0,0,0,0,0
00270573.png,0,0,0,0,0,0,0,0,0,0,0,0,0,0,0,0,0
00272713.png,0,0,0,0,0,0,0,0,0,0,0,0,0,0,0,0,0
00273231.png,0,0,0,0,0,0,0,0,0,0,0,0,0,0,0,0,0
00274113.png,0,0,0,0,0,0,0,0,0,0,0,0,0,0,0,0,0
00274591.png,0,0,0,0,0,0,0,0,0,0,0,0,0,0,0,0,0
00275942.png,1,1,0,0,1,0,0,0,0,1,0,0,1,0,0,0,0
00276108.png,1,1,0,0,1,0,1,0,0,0,0,0,0,0,0,0,0
00276139.png,0,0,0,0,0,0,0,0,0,0,0,0,0,0,0,0,0
00276667.png,0,1,0,0,1,0,0,0,1,0,0,0,0,0,0,0,0
00276969.png,0,1,0,0,0,0,0,0,1,0,0,0,0,0,0,0,0
00277801.png,0,0,1,0,0,0,0,0,0,0,0,0,0,0,0,0,1
00278060.png,0,0,0,0,1,0,0,0,0,0,1,0,0,0,0,0,1
00280119.png,0,0,0,0,0,0,0,0,0,0,0,0,0,0,0,1,0
00280343.png,0,0,1,0,0,0,0,0,0,0,0,0,0,0,0,0,0
00280387.png,1,1,0,0,1,0,1,0,0,0,0,0,1,0,0,0,0
00280993.png,0,0,0,0,0,0,0,0,0,0,0,0,0,0,1,0,0
00281205.png,0,0,0,0,0,0,0,0,0,0,0,0,0,0,0,0,0
00281253.png,0,1,0,0,1,0,0,1,0,1,0,0,0,0,0,0,0
00281383.png,0,1,0,0,1,0,0,0,0,1,0,1,0,0,0,0,0
00281780.png,0,1,0,0,1,0,0,0,0,0,0,0,1,0,0,0,0
00282590.png,0,0,0,0,0,0,0,0,0,0,0,0,0,0,0,0,0
00282598.png,0,0,0,0,0,0,0,0,0,0,0,0,0,0,0,0,0
00282823.png,0,0,0,0,0,0,0,0,0,0,0,0,0,0,0,0,0
00282990.png,0,0,1,0,0,0,0,0,0,0,0,0,0,0,0,0,1
00283100.png,0,0,0,0,0,0,0,0,0,0,0,0,0,0,0,0,0
00283436.png,1,1,0,0,1,0,0,1,0,1,0,0,0,0,0,0,0
00283453.png,0,0,1,0,0,0,0,0,0,0,0,0,0,0,0,0,1
00283819.png,0,0,1,1,0,0,0,0,0,0,0,0,0,0,0,0,0
00283987.png,0,0,0,0,0,0,0,0,1,0,0,0,0,0,1,0,0
00284765.png,1,1,0,0,1,0,0,1,0,1,0,0,0,0,0,0,0
00285103.png,0,0,0,0,0,0,0,0,0,0,0,0,0,0,0,0,0
00287466.png,0,1,0,0,1,0,0,0,0,0,0,0,1,0,0,0,0
00287479.png,0,1,0,0,1,0,0,0,0,1,0,1,0,0,0,0,0
00287509.png,0,1,0,0,1,0,0,0,0,1,0,0,1,0,0,0,0
00287598.png,0,1,0,0,1,0,0,0,0,1,0,0,0,0,0,0,0
00288164.png,0,0,0,0,1,0,0,0,0,0,0,1,0,0,0,0,0
00288204.png,0,0,0,0,0,0,0,0,0,0,0,0,0,0,0,0,0
00290083.png,0,0,0,0,0,0,0,0,0,0,0,0,0,0,0,0,0
00291482.png,0,0,0,0,0,0,0,0,0,0,0,0,0,0,0,0,0
00291553.png,0,0,0,0,0,0,0,0,0,0,0,0,0,0,0,0,0
00292108.png,0,0,1,0,0,0,0,0,0,0,0,0,0,0,0,0,1
00292154.png,0,0,0,0,0,0,0,0,0,0,0,0,0,0,0,1,0
00294280.png,0,0,0,1,0,0,0,0,0,0,0,0,0,0,1,0,0
00294475.png,0,1,0,0,0,0,0,1,0,0,0,0,0,0,0,0,0
00294804.png,0,0,0,0,0,0,0,0,0,0,0,0,0,0,0,0,0
00296052.png,0,0,0,0,1,0,0,0,1,0,0,0,0,0,0,0,0
00296686.png,0,0,0,0,0,0,0,0,0,0,0,0,0,0,0,0,0
00296739.png,0,0,0,0,0,0,0,0,0,0,0,0,0,1,0,0,0
00297072.png,0,0,0,0,0,0,0,0,0,0,0,0,0,0,0,0,0
00297197.png,0,0,0,0,0,0,0,0,0,0,0,0,0,0,0,0,0
00297806.png,0,0,0,0,0,0,0,0,0,0,0,0,0,0,0,0,0
00297990.png,0,0,0,0,0,0,0,0,0,0,0,0,0,0,0,0,0
00298177.png,0,0,1,0,0,0,0,0,0,0,0,0,0,0,0,0,1
00299510.png,0,0,0,0,0,0,0,0,0,0,0,0,0,0,0,0,0
00300262.png,0,0,1,0,0,0,0,0,0,0,0,0,0,0,0,0,1
00300646.png,0,0,0,0,0,0,0,0,0,0,0,0,0,0,0,0,0
00300842.png,0,0,0,1,0,0,0,0,0,0,0,0,0,0,0,0,0
00300844.png,0,0,0,0,0,0,0,0,0,0,0,0,0,0,0,0,0
00300987.png,0,0,0,0,1,0,0,0,0,0,0,1,0,0,0,0,0
00301305.png,0,0,0,0,0,0,0,0,0,0,0,0,0,0,0,1,0
00302862.png,0,1,0,0,1,0,0,0,0,0,0,0,0,0,0,0,0
00303777.png,0,1,0,0,1,0,0,0,0,0,0,0,0,0,0,0,1
00304053.png,0,1,0,0,1,1,0,0,0,0,0,0,0,0,0,0,0
00304389.png,0,1,0,0,0,0,0,0,0,0,0,0,0,0,0,0,0
00305203.png,0,0,0,0,1,0,1,0,0,0,0,0,0,0,0,0,1
00305656.png,0,0,0,0,0,0,0,0,0,0,0,0,0,0,0,1,0
00306426.png,0,0,0,0,1,0,0,0,0,0,0,0,1,0,0,0,0
00308077.png,0,1,0,0,0,1,1,0,0,0,0,0,0,0,0,0,0
00308654.png,0,0,0,0,0,0,0,0,0,0,0,0,0,0,0,0,0
00308674.png,1,1,0,0,0,0,0,0,0,0,0,1,0,0,0,0,0
00308886.png,0,1,0,0,0,0,0,0,0,0,0,1,0,0,0,0,0
00308919.png,1,1,0,0,0,0,0,0,0,0,0,0,0,0,0,0,1
00309192.png,1,0,0,0,0,0,0,0,0,0,1,0,0,0,0,0,0
00310064.png,0,0,0,0,0,0,0,0,0,0,0,0,0,0,0,0,0
00310532.png,0,0,0,0,0,0,0,0,0,0,0,0,0,0,0,1,0
00311274.png,0,0,0,0,0,0,0,0,0,0,0,0,0,0,0,1,0
00311359.png,0,0,0,0,0,0,0,0,0,0,0,0,0,0,0,0,0
00312422.png,0,0,0,0,0,0,0,0,0,0,0,0,0,0,0,0,0
00312776.png,0,1,0,0,0,0,0,0,0,0,0,1,0,0,0,0,0
00313199.png,0,0,0,0,0,0,0,0,0,0,0,0,0,0,0,0,0
00313494.png,0,0,0,0,0,0,0,0,0,0,0,0,0,0,0,0,0
00313618.png,0,0,0,0,0,0,0,0,0,0,0,0,0,0,0,0,0
00314483.png,0,0,0,0,0,0,0,0,0,0,0,0,0,0,0,0,0
00315324.png,0,0,0,0,0,0,0,0,0,0,0,0,0,0,0,0,0
00315708.png,0,0,0,0,0,0,0,0,0,0,0,0,0,0,0,0,0
00316265.png,0,0,0,0,0,0,0,0,0,0,0,0,0,0,0,0,0
00318060.png,0,1,0,0,0,0,0,0,0,0,0,0,0,0,0,0,0
00318882.png,0,0,0,0,0,0,0,0,0,0,0,0,0,0,0,0,0
00319247.png,0,0,0,0,0,0,0,0,0,0,0,0,0,0,0,0,0
00319361.png,0,0,0,0,0,0,0,0,0,0,0,0,0,0,0,0,0
00319892.png,0,0,0,0,1,0,0,0,0,0,1,0,0,0,0,0,1
00320067.png,0,0,0,0,0,0,0,0,0,0,0,0,0,0,0,0,0
00320314.png,0,0,0,0,0,0,0,0,0,0,0,0,0,0,0,0,0
00320468.png,0,0,0,0,0,0,0,0,0,0,0,0,0,0,0,0,0
00320676.png,0,0,0,0,0,0,0,0,0,0,0,0,0,0,0,0,0
00321010.png,0,0,0,0,0,0,0,0,0,0,0,0,0,0,0,0,0
00321998.png,0,0,0,0,0,0,0,0,0,0,0,0,0,0,0,0,0
00323004.png,0,0,0,0,0,0,0,0,0,0,0,0,0,0,0,0,0
00323085.png,0,0,0,0,0,0,0,0,0,0,0,0,0,0,0,0,0
00323197.png,0,0,1,0,0,0,0,0,0,0,0,0,0,0,0,0,1
00323252.png,0,0,0,0,0,0,0,0,0,0,0,0,0,0,0,1,0
00323332.png,0,0,0,0,0,0,0,0,0,0,0,0,0,0,0,1,0
00323509.png,0,0,0,0,0,0,0,0,1,0,0,0,0,0,0,0,0
00323543.png,0,0,0,0,0,0,0,0,0,0,0,0,0,0,0,1,0
00323632.png,0,1,0,0,1,0,0,0,0,0,0,0,0,0,0,0,0
00324203.png,0,0,0,0,0,0,0,0,0,0,0,0,0,0,0,0,0
00324429.png,0,0,0,0,0,0,0,0,0,0,0,0,0,0,0,0,0
00324690.png,0,0,0,0,0,0,0,0,0,0,0,0,0,0,0,0,0
00325275.png,0,0,0,0,0,0,0,0,0,0,0,0,0,0,0,0,0
00325365.png,0,0,0,0,0,0,0,0,0,0,0,1,0,0,0,0,0
00325393.png,0,0,0,0,0,0,0,0,0,0,0,0,0,0,0,0,0
00326105.png,0,1,0,0,0,0,0,0,0,0,0,1,0,0,0,0,0
00326371.png,0,0,0,0,0,0,0,0,0,0,0,0,0,0,0,0,0
00326993.png,0,0,0,0,0,0,0,0,0,0,0,0,0,0,0,0,0
00327790.png,0,0,0,0,0,0,0,0,0,0,0,0,0,0,0,0,0
00327862.png,0,0,0,0,0,0,0,0,0,0,0,0,0,0,0,0,0
00327940.png,0,0,0,0,0,0,0,0,0,0,0,0,0,0,0,0,0
00329175.png,0,0,0,0,0,0,0,0,0,0,0,0,0,0,0,0,0
00329200.png,0,0,0,0,0,0,0,0,0,0,0,0,0,0,0,0,0
00331330.png,0,0,0,0,1,0,0,0,0,0,0,0,1,0,0,0,0
00332701.png,0,0,0,0,0,0,0,0,0,0,0,0,0,0,0,0,0
00332949.png,0,0,0,0,0,0,0,0,0,0,0,0,0,0,0,0,0
00333156.png,1,1,0,0,1,0,0,0,0,0,0,0,0,0,0,0,0
00333270.png,0,1,0,0,1,0,1,0,0,0,0,1,0,0,0,0,0
00334053.png,0,0,0,0,0,0,0,0,0,0,0,0,0,0,0,0,0
00334660.png,0,0,0,0,0,0,0,0,0,0,0,0,0,0,0,0,0
00335020.png,0,0,0,0,0,0,0,0,0,0,0,0,0,1,0,0,0
00335159.png,0,0,0,0,0,0,0,0,0,0,0,0,0,0,0,0,0
00335372.png,0,0,0,0,0,0,0,0,0,0,0,0,0,0,0,0,0
00337215.png,0,0,1,0,0,0,0,0,0,0,0,0,0,0,0,0,1
00338190.png,0,0,0,0,1,0,0,0,0,0,0,0,0,0,0,0,1
00338377.png,0,0,0,0,1,0,0,0,0,0,0,0,0,0,0,0,1
00339033.png,0,0,1,0,0,0,0,0,0,0,0,0,0,0,0,0,1
00339605.png,0,0,0,0,0,0,0,1,0,1,0,0,0,0,0,0,0
00339617.png,1,0,0,0,0,0,0,0,0,0,0,1,0,0,0,0,0
00339852.png,0,0,0,0,0,0,0,0,0,0,0,0,0,0,0,0,0
00340078.png,0,0,0,0,1,0,0,0,1,0,0,0,0,0,0,0,0
00341335.png,0,0,0,0,0,0,0,0,0,0,0,0,0,0,0,0,0
00343376.png,0,0,0,0,0,0,0,0,0,0,0,0,0,0,0,0,0
00343447.png,0,0,0,0,0,0,0,0,0,0,0,0,0,0,0,0,0
00343757.png,0,0,0,0,0,0,0,0,0,0,0,0,0,0,0,0,0
00345995.png,0,0,0,0,0,0,0,0,0,0,0,0,0,0,0,0,0
00346487.png,0,0,0,0,0,0,0,0,0,0,0,0,0,0,0,0,0
00347492.png,0,0,0,0,0,0,0,0,0,0,0,0,0,0,0,0,0
00347974.png,0,0,0,0,1,0,0,1,0,0,0,0,0,0,0,0,1
00349767.png,0,0,0,0,0,0,0,0,0,0,0,0,0,0,0,0,0
00349820.png,0,0,0,0,0,0,0,0,0,0,0,0,0,0,0,0,0
00350415.png,0,0,0,0,1,1,0,1,0,0,0,0,0,0,0,0,0
00350857.png,0,0,0,0,0,0,0,0,0,0,0,0,0,0,0,0,0
00352121.png,0,0,0,0,0,0,0,0,0,0,0,0,0,0,0,0,0
00352286.png,0,0,0,0,1,0,0,0,0,0,0,0,0,0,0,0,1
00352764.png,0,0,0,0,0,0,0,0,0,0,0,0,0,0,0,0,0
00353965.png,0,0,0,0,0,0,0,0,0,0,0,0,0,0,0,0,0
00354504.png,0,1,0,0,1,1,0,0,0,0,0,0,0,0,0,0,0
00354616.png,0,0,0,0,0,0,0,0,0,0,0,0,0,0,0,1,0
00354662.png,0,0,0,0,0,0,0,0,0,0,0,0,0,0,0,0,0
00355107.png,0,1,0,0,0,0,1,1,0,1,0,0,0,0,0,0,0
00355341.png,0,0,0,0,0,0,0,0,0,0,0,0,0,0,0,0,0
00355772.png,0,0,0,0,0,0,0,0,0,0,0,0,0,0,0,0,1
00356113.png,0,0,0,0,0,0,0,0,0,0,0,0,0,0,0,0,0
00356554.png,1,0,0,0,0,0,0,1,0,0,0,0,0,0,0,0,0
00356570.png,1,1,0,0,0,0,0,1,0,0,0,0,0,0,0,0,0
00358006.png,0,0,0,0,0,0,0,0,0,0,0,0,0,0,0,0,0
00359556.png,0,0,0,0,0,0,0,0,0,0,0,0,0,0,0,0,0
00359673.png,0,0,0,0,0,0,0,0,0,0,0,0,0,0,0,0,0
00359675.png,0,0,0,0,0,0,0,0,0,0,0,0,0,0,0,0,0
00361881.png,0,0,0,0,0,0,0,0,0,0,0,1,0,0,0,0,0
00362227.png,0,0,0,0,1,0,0,0,0,0,0,1,0,0,0,0,0
00364486.png,0,0,0,0,0,0,0,0,0,0,0,0,0,0,0,0,0
00364514.png,0,0,0,0,0,0,0,0,0,0,0,0,0,0,0,0,0
00364610.png,0,0,0,0,0,0,0,0,0,0,0,0,0,0,0,0,0
00364722.png,0,0,0,0,0,0,0,0,0,0,0,0,0,0,0,0,0
00365287.png,0,0,0,0,0,0,0,0,0,0,0,0,0,0,0,0,0
00366174.png,0,0,0,0,0,0,0,0,0,0,0,0,0,0,0,0,0
00367358.png,0,0,0,0,0,0,0,0,0,0,0,0,0,0,0,0,0
00367552.png,0,0,0,0,0,0,0,0,0,0,0,0,0,0,0,0,0
00368474.png,0,0,0,0,0,0,0,0,0,0,0,0,0,0,0,0,0
00369936.png,0,0,0,0,0,0,0,0,0,0,0,0,0,0,0,0,0
00370905.png,0,0,0,0,0,0,0,0,0,0,0,0,0,0,0,0,0
00371175.png,0,0,0,0,0,0,0,0,0,0,0,0,0,0,0,0,0
00371323.png,0,0,0,0,0,0,0,0,0,0,0,0,0,0,0,0,0
00371909.png,0,0,0,0,0,0,0,0,0,0,0,0,0,0,0,0,0
00372667.png,0,0,0,0,0,0,0,0,0,0,0,0,0,0,0,0,0
00373338.png,0,0,0,0,0,0,0,0,0,0,0,0,0,0,0,0,0
00373360.png,0,0,0,1,0,0,0,0,0,0,0,0,0,0,1,0,0
00373504.png,0,0,0,0,0,0,0,0,0,0,0,0,0,0,0,0,0
00373702.png,0,0,0,0,0,0,0,0,0,0,0,0,0,0,0,0,0
00373893.png,0,0,0,0,0,0,0,0,0,0,0,0,0,0,0,0,0
00373931.png,0,0,0,0,0,0,0,0,0,0,0,0,0,0,0,0,0
00373998.png,0,0,0,0,0,0,0,0,0,0,0,0,0,0,0,0,0
00374405.png,0,0,0,0,0,0,0,0,0,0,0,0,0,0,0,0,0
00374718.png,0,0,0,0,0,0,0,0,0,0,0,0,0,0,0,0,0
00374760.png,0,0,0,0,0,0,0,0,0,0,0,0,0,0,0,0,0
00375053.png,0,0,0,0,0,0,0,0,0,0,0,0,0,0,0,0,0
00375201.png,0,0,0,0,0,0,0,0,0,0,0,0,0,0,0,0,1
00375905.png,0,0,0,0,0,0,0,0,0,0,0,0,0,0,0,0,0
00376610.png,0,0,0,0,0,0,0,0,0,0,0,0,0,1,0,0,0
00377038.png,0,0,0,0,0,0,0,0,0,0,0,0,0,0,0,0,0
00377472.png,0,0,0,0,0,0,0,0,0,0,0,0,0,1,0,0,0
00379082.png,0,0,0,0,0,0,0,0,0,0,0,0,0,0,0,0,0
00379306.png,0,0,0,0,0,0,0,0,0,0,0,0,0,0,0,0,0
00379716.png,0,0,0,0,0,0,0,0,0,0,0,0,0,0,0,0,0
00379885.png,0,0,0,0,0,0,0,0,0,0,0,0,0,0,0,0,0
00380805.png,0,0,0,0,0,0,0,0,0,0,0,0,0,0,0,0,0
00380830.png,0,0,0,0,0,0,0,0,0,0,0,0,0,0,0,0,0
00380960.png,0,0,0,0,0,0,0,0,0,0,0,0,0,0,0,0,0
00381103.png,0,0,0,0,0,0,0,0,0,0,0,0,0,0,0,0,0
00381500.png,0,0,0,0,0,0,0,0,0,0,0,0,0,0,0,0,0
00381837.png,0,1,0,0,1,0,0,0,0,0,0,1,0,0,0,0,0
00382470.png,0,1,0,0,1,0,1,0,0,0,0,0,0,0,0,0,0
00382601.png,0,1,0,0,1,0,0,0,0,0,0,0,0,0,0,0,0
00382622.png,0,1,0,0,1,0,0,0,0,0,0,0,0,0,0,0,0
00383301.png,1,1,0,0,1,0,0,0,0,1,0,0,1,0,0,0,0
00383754.png,0,1,0,0,1,0,0,1,0,1,0,0,0,0,0,0,0
00384702.png,0,1,0,0,1,0,0,0,0,0,0,1,0,0,0,0,0
00385053.png,1,0,0,0,1,0,0,0,0,0,0,0,0,0,0,0,1
00385885.png,0,0,0,0,1,0,0,0,0,0,0,0,0,0,0,0,1
00386533.png,0,0,0,0,0,0,0,0,0,0,0,0,0,0,0,0,0
00386599.png,0,0,0,0,0,0,0,0,0,0,0,0,0,0,0,0,0
00387134.png,0,1,0,0,1,0,1,0,0,0,0,0,0,0,0,0,1
00387178.png,1,0,0,0,1,0,0,0,0,1,0,0,0,0,0,0,0
00387753.png,0,1,0,0,1,0,0,0,1,0,1,0,0,0,0,0,0
00387768.png,1,0,0,0,1,0,0,0,0,0,0,0,0,0,0,0,0
00779782.png,0,0,0,0,0,0,0,0,0,0,0,0,0,0,0,0,0
00780406.png,0,1,0,0,0,0,1,1,0,1,1,0,0,0,0,0,0
00780487.png,0,1,0,0,0,0,1,1,0,1,0,0,0,0,0,0,0
00781514.png,0,0,0,0,0,0,0,0,0,0,0,0,0,0,0,0,0
00781894.png,0,0,0,0,0,0,0,0,0,0,0,0,0,0,0,0,0
00782060.png,0,0,0,0,0,0,0,0,0,0,0,0,0,0,0,0,0
00782195.png,0,0,0,0,0,0,0,0,0,0,0,0,0,0,0,1,0
00782696.png,0,0,0,0,0,0,0,0,0,0,0,0,0,0,0,0,0
00782811.png,0,0,1,0,0,0,0,0,0,0,0,0,0,0,0,0,1
00782976.png,0,0,1,1,0,0,0,0,0,0,0,0,0,0,0,0,0
00783633.png,0,0,0,0,0,0,0,0,0,0,0,0,0,0,0,0,0
00784733.png,0,0,1,1,0,0,0,0,0,0,0,0,0,0,0,0,0
00785110.png,0,0,0,0,0,0,0,0,0,0,0,0,0,0,0,0,0
00786102.png,0,1,0,0,0,0,0,0,0,1,0,0,0,0,0,0,0
00786912.png,0,0,0,0,0,0,0,0,0,0,0,0,0,0,0,0,0
00787470.png,0,0,0,0,0,0,0,0,0,0,0,0,0,0,0,0,0
00788845.png,0,0,0,0,0,0,0,0,0,0,0,0,0,0,0,0,0
00792159.png,0,0,0,0,0,0,0,0,0,0,0,0,0,0,0,0,0
00792327.png,0,0,0,0,0,0,0,0,0,0,0,0,0,0,0,0,0
00792701.png,0,0,0,0,0,0,0,0,0,0,0,1,0,0,0,0,0
00793346.png,0,0,0,0,0,0,0,0,0,0,0,0,0,0,0,0,0
00793807.png,0,0,0,0,0,0,0,0,0,0,0,0,0,0,0,0,0
00793870.png,0,0,0,0,0,0,0,0,0,0,0,1,0,0,0,0,0
00796321.png,0,0,0,0,0,0,0,0,0,0,0,0,0,0,0,0,0
00798549.png,0,0,0,0,0,0,0,0,0,0,0,0,0,0,0,0,0
00799351.png,0,0,0,0,0,0,0,0,0,0,0,0,0,0,0,0,0
00799628.png,0,0,0,0,0,0,0,0,0,0,0,0,0,0,0,0,0
00799893.png,0,0,0,0,0,0,0,0,0,0,0,0,0,0,0,0,0
00800384.png,0,0,0,0,0,0,0,0,0,0,0,0,0,0,0,0,0
00800601.png,0,0,0,0,0,0,0,0,0,0,0,0,0,0,0,0,0
00801652.png,0,0,0,0,0,0,0,0,0,0,0,0,0,0,0,0,0
00801696.png,0,0,0,0,0,0,0,0,0,0,0,0,0,0,0,0,0
00801855.png,1,0,0,0,0,0,0,0,0,0,0,0,1,0,0,0,0
00801969.png,0,0,0,0,0,0,0,0,0,0,0,0,0,0,0,0,0
00802332.png,0,0,0,0,0,0,0,0,0,0,0,0,0,0,0,0,0
00803239.png,1,0,0,0,0,0,0,0,0,0,0,0,1,0,0,0,0
00804232.png,0,0,0,0,0,0,0,0,0,0,0,0,0,0,0,0,0
00804396.png,0,0,0,0,1,0,0,1,0,0,0,0,0,0,0,0,0
00804407.png,0,0,0,0,0,0,0,0,0,0,0,0,0,0,0,0,0
00804943.png,0,0,0,0,0,0,0,0,0,0,0,0,0,0,0,0,0
00805240.png,0,0,0,0,0,0,0,0,0,0,0,0,0,0,0,0,0
00808552.png,0,0,0,0,0,0,0,0,0,0,0,0,0,0,0,0,0
00808563.png,0,0,0,0,0,0,0,0,0,0,0,0,0,0,0,0,0
00808613.png,0,0,0,0,0,0,0,0,0,0,0,0,0,0,0,0,0
00808620.png,0,0,0,0,0,0,0,0,0,0,0,0,0,0,0,0,0
00808928.png,0,0,0,0,0,0,0,0,0,0,0,0,0,0,0,0,0
00809275.png,0,0,0,0,0,0,0,0,0,0,0,0,0,0,0,0,0
00809279.png,0,0,0,0,0,0,0,0,0,0,0,0,0,0,0,0,0
00809702.png,0,0,0,0,0,0,0,0,0,1,0,0,0,0,0,0,0
00810004.png,0,0,0,0,0,0,0,0,0,0,0,0,0,0,0,0,0
00810359.png,0,0,0,0,0,0,0,0,0,0,0,0,0,0,0,0,0
00810398.png,0,0,0,0,0,0,0,0,0,0,0,0,0,0,0,0,0
00811023.png,0,0,0,0,0,0,0,0,0,0,0,0,0,0,0,0,0
00811240.png,0,0,0,0,0,0,0,0,0,0,0,0,0,0,0,0,0
00811714.png,0,0,0,0,0,0,0,0,0,0,0,0,0,0,0,0,0
00811775.png,0,0,0,0,0,0,0,0,0,0,0,0,0,0,0,0,0
00811932.png,0,0,0,0,0,0,0,0,0,0,0,0,0,0,0,0,0
00813265.png,0,0,0,0,0,0,0,0,0,0,0,0,0,0,0,0,0
00813700.png,0,1,0,0,1,0,0,0,0,0,0,1,0,0,0,0,0
00814037.png,0,0,0,0,0,0,0,0,0,0,0,0,0,0,0,0,0
00814452.png,0,0,0,0,0,0,0,0,0,0,0,0,0,0,0,0,0
00814667.png,0,0,0,0,0,0,0,0,0,0,0,0,0,0,0,0,0
00814739.png,0,0,0,0,0,0,0,0,0,0,0,0,0,0,0,0,0
00814777.png,0,0,0,0,0,0,0,0,0,0,0,0,0,0,0,0,0
00815974.png,0,0,0,0,0,0,1,0,0,0,0,0,0,0,0,0,0
00815991.png,0,0,0,0,0,0,0,0,0,0,0,0,0,0,0,0,0
00816095.png,0,1,0,0,1,1,0,1,0,0,0,0,0,0,0,0,0
00816211.png,0,0,0,0,0,0,0,0,0,0,0,0,0,0,0,0,0
00816418.png,0,0,0,0,0,0,0,0,0,0,0,0,0,0,1,0,0
00817046.png,0,0,0,0,0,0,0,0,0,0,0,0,0,0,0,0,0
00817103.png,0,0,0,0,1,0,0,1,0,1,0,0,0,0,0,0,0
00819054.png,0,0,0,0,0,0,0,0,0,0,0,0,0,0,0,0,0
00820396.png,0,0,0,0,0,0,0,0,0,0,0,0,0,0,0,0,0
00820791.png,0,1,0,0,1,0,0,0,0,0,0,0,1,0,0,0,0
00821057.png,0,0,0,0,0,0,0,0,0,0,0,0,0,0,0,0,0
00821231.png,0,0,0,0,0,0,0,0,0,0,0,0,0,0,0,0,0
00821597.png,0,0,0,0,0,0,0,0,0,0,0,0,0,0,0,0,0
00823176.png,0,0,0,0,0,0,0,0,0,0,0,0,0,0,0,0,0
00824762.png,0,0,0,0,0,0,0,0,0,0,0,0,0,0,0,0,0
00825058.png,0,0,0,0,0,0,0,0,0,0,0,0,0,0,0,0,0
00825864.png,0,0,0,0,0,0,0,0,0,0,0,0,0,0,0,0,0
00826155.png,0,0,0,0,0,0,0,0,0,0,0,0,0,0,0,0,0
00826335.png,0,0,0,0,0,0,0,0,0,0,0,0,0,0,0,0,0
00826538.png,0,0,0,0,0,0,0,0,0,0,0,0,0,0,0,0,0
00826883.png,0,0,0,0,0,0,0,0,0,0,0,0,0,0,0,0,0
00827023.png,0,0,0,0,0,0,0,0,0,0,0,0,0,0,0,0,0
00827158.png,0,0,1,0,0,0,0,0,0,0,0,0,0,0,0,0,1
00827385.png,0,0,0,0,0,0,0,0,0,0,0,0,0,0,0,0,0
00827442.png,0,0,0,0,0,0,0,0,0,0,0,0,0,0,0,0,0
00827728.png,0,0,1,1,0,0,0,0,0,0,0,0,0,0,0,0,1
00827934.png,0,0,1,0,0,0,0,0,0,0,0,0,0,0,0,0,0
00827997.png,0,0,1,1,0,0,0,0,0,0,0,0,0,0,0,0,1
00828361.png,0,0,1,0,0,0,0,0,0,0,0,0,0,0,0,0,0
00830729.png,0,0,0,0,0,0,0,0,0,0,0,0,0,0,0,0,0
00831134.png,0,0,0,0,0,0,0,0,0,0,0,0,0,0,0,0,0
00831375.png,0,0,1,0,0,0,0,0,0,0,0,0,0,0,1,0,0
00831399.png,0,0,0,0,0,0,0,0,0,0,0,0,0,0,0,0,0
00831552.png,0,0,0,0,0,0,0,0,0,0,0,0,0,0,0,1,0
00831583.png,0,0,1,0,0,0,0,0,0,0,0,0,0,0,0,0,1
00831602.png,0,0,0,1,0,0,0,0,0,0,0,0,0,0,1,0,0
00831913.png,0,0,0,0,0,0,0,0,0,0,0,0,0,0,0,0,0
00832165.png,0,0,0,1,0,0,0,0,0,0,0,0,0,0,0,0,0
00832246.png,0,0,1,1,0,0,0,0,0,0,0,0,0,0,0,0,1
00832557.png,0,1,0,0,1,0,0,1,0,1,0,0,0,0,0,0,0
00833918.png,0,0,1,0,0,0,0,0,0,0,0,0,0,0,0,0,0
00834383.png,0,0,0,1,0,0,0,0,0,0,0,0,0,0,0,0,0
00834395.png,0,0,1,1,0,0,0,0,0,0,0,0,0,0,1,1,0
00835247.png,0,0,1,0,0,0,0,0,0,0,0,0,0,0,0,0,1
00835400.png,0,0,0,0,0,0,0,0,0,0,0,0,0,0,0,0,0
00835436.png,0,0,1,1,0,0,0,0,0,0,0,0,0,0,0,0,0
00836127.png,0,0,0,0,0,0,0,0,0,0,0,0,0,0,0,0,0
00836317.png,0,0,0,0,0,0,0,0,0,0,0,0,0,0,0,0,0
00836836.png,0,0,1,1,0,0,0,0,0,0,0,0,0,0,0,0,1
00837995.png,0,0,0,0,0,0,0,1,0,1,0,0,0,0,0,0,0
00838233.png,0,0,0,0,0,0,0,0,0,0,0,0,0,0,0,0,0
00838303.png,0,0,0,0,0,0,0,0,0,0,0,0,0,0,0,0,0
00838757.png,0,0,0,0,0,0,0,0,0,0,0,0,0,0,0,1,0
00838777.png,0,0,0,0,0,0,0,0,0,0,0,0,0,0,0,0,0
00838988.png,0,0,0,0,0,0,0,0,0,0,0,0,0,0,0,0,0
00839864.png,0,0,0,0,0,0,0,0,0,0,0,0,0,0,0,0,0
00840119.png,0,0,0,0,0,0,0,0,0,0,0,0,0,0,0,0,0
00840209.png,0,0,0,0,0,0,0,0,0,0,0,0,0,0,0,0,0
00840315.png,0,0,1,0,0,0,0,0,0,0,0,0,0,0,0,0,1
00840987.png,0,0,0,0,0,0,0,0,0,0,0,0,0,0,0,0,0
00841331.png,0,0,1,0,0,0,0,0,0,0,0,0,0,0,0,0,0
00842056.png,0,0,1,0,0,0,0,0,0,0,0,0,0,0,0,0,0
00843719.png,0,0,0,0,0,0,0,0,0,0,0,0,0,0,0,0,0
00844008.png,0,0,0,0,0,0,0,0,0,0,0,0,0,0,0,0,0
00844254.png,0,0,0,0,0,0,0,0,0,0,0,0,0,0,0,0,0
00846248.png,0,0,0,0,0,0,0,0,0,0,0,0,0,0,0,0,0
00846413.png,0,0,0,0,0,0,0,0,0,0,0,0,0,0,0,0,0
00846629.png,0,0,0,0,0,0,0,0,0,0,0,0,0,0,0,0,0
00847507.png,0,0,0,0,0,0,0,0,0,0,0,0,0,0,0,0,0
00849915.png,0,0,0,0,0,0,0,0,0,0,0,0,0,0,0,0,0
00850049.png,0,0,0,0,0,0,0,0,0,0,0,0,0,0,0,0,0
00850286.png,0,0,0,0,0,0,0,0,0,0,0,0,0,0,0,0,0
00851485.png,0,0,0,0,0,0,0,0,0,0,0,0,0,0,0,0,0
00851494.png,0,0,0,0,0,0,0,0,0,0,0,0,0,0,0,0,0
00853192.png,0,0,0,0,0,0,0,0,0,0,0,0,0,0,0,0,0
00855554.png,0,0,0,0,0,0,0,0,0,0,0,0,0,0,0,1,0
00856417.png,0,0,1,0,0,0,0,0,0,0,0,0,0,0,0,0,0
00856576.png,0,0,0,0,0,0,0,0,0,0,0,0,0,0,0,0,0
00856731.png,0,0,0,0,0,0,0,0,0,0,0,0,0,0,0,0,0
00856882.png,0,0,0,0,0,0,0,0,0,0,0,0,0,0,0,0,0
00857751.png,0,0,0,0,0,0,0,0,0,0,0,0,0,0,0,0,0
00858094.png,0,0,0,0,0,0,0,0,0,0,0,0,0,0,0,0,0
00859374.png,0,1,0,0,1,0,1,0,0,0,0,0,0,0,0,0,0
00860791.png,1,0,0,0,1,1,0,0,1,0,0,0,0,0,0,0,1
00861218.png,0,0,0,1,0,0,0,0,0,0,0,0,0,0,0,0,0
00863530.png,0,0,0,0,0,0,0,0,0,0,0,0,0,0,0,0,0
00863660.png,0,0,0,0,0,0,0,0,0,0,0,0,0,0,0,1,0
00863844.png,0,0,0,0,0,0,0,0,0,0,0,0,0,0,0,0,0
00864492.png,0,0,0,0,0,0,0,0,0,0,0,0,0,0,0,0,0
00867875.png,1,0,0,0,1,0,0,0,0,0,0,1,0,0,0,0,0
00868060.png,0,0,1,0,0,1,0,0,0,0,0,0,0,0,0,0,0
00868299.png,0,0,0,0,0,0,0,0,0,0,0,0,0,0,0,0,0
00868449.png,0,0,0,0,0,0,0,0,0,0,0,0,0,0,0,1,0
00868635.png,1,0,0,0,1,0,0,0,0,0,0,1,0,0,0,0,0
00868822.png,0,0,0,0,0,0,0,0,0,0,0,0,0,0,0,0,0
00868896.png,0,0,0,0,0,0,0,0,0,0,0,0,0,0,0,0,0
00868897.png,0,0,0,0,0,0,0,0,0,0,0,0,0,0,0,0,0
00869101.png,0,0,0,0,0,0,0,0,0,0,0,0,0,0,0,0,0
00869484.png,0,0,0,1,0,0,0,0,0,0,0,0,0,0,0,0,1
00869515.png,0,0,0,1,0,0,0,0,0,1,0,0,0,0,1,0,0
00870246.png,0,0,0,0,0,0,0,0,1,0,0,1,0,0,0,0,0
00870271.png,0,0,0,0,0,0,0,0,0,0,0,0,0,1,0,0,0
00870276.png,0,0,0,0,0,0,0,0,0,0,0,0,0,0,0,0,0
00870675.png,0,0,0,0,0,0,0,0,0,0,1,0,0,0,0,0,1
00870676.png,0,0,0,0,0,0,0,0,0,0,1,0,0,0,0,0,1
00870682.png,0,0,0,0,1,0,0,0,0,0,0,1,0,0,0,0,0
00870942.png,0,0,0,0,0,0,0,0,0,0,0,0,0,0,0,0,0
00870959.png,0,0,0,0,0,0,0,0,0,0,0,0,0,0,0,1,0
00871535.png,1,1,0,0,1,0,0,0,0,0,0,1,0,0,0,0,0
00872972.png,0,0,0,0,0,0,0,0,0,0,0,0,0,0,0,0,0
00875745.png,0,0,0,0,0,0,0,0,0,0,0,0,0,0,1,0,0
00875867.png,0,0,0,0,0,0,0,0,0,0,0,0,0,0,0,0,0
00876594.png,0,0,0,0,0,0,0,0,0,0,0,1,0,0,0,0,0
00876901.png,0,0,1,0,0,0,0,0,0,0,0,0,0,0,0,0,1
00876960.png,0,0,0,0,0,0,0,0,1,0,0,0,0,0,0,0,1
00877327.png,0,0,0,0,1,0,0,0,0,0,0,1,0,0,0,0,1
00877477.png,0,0,0,1,1,0,0,0,0,1,0,0,0,0,0,0,1
00877580.png,0,0,0,1,0,0,0,0,0,0,0,0,0,0,0,0,0
00877837.png,0,0,0,0,0,0,0,0,0,0,0,0,0,1,0,0,0
00879713.png,0,0,0,0,0,0,0,0,0,0,0,0,0,0,1,0,0
00879714.png,0,0,0,0,0,0,0,0,0,0,0,0,0,0,1,0,0
00880147.png,0,0,0,0,0,0,0,0,0,0,1,0,0,0,0,0,0
00881187.png,0,0,0,0,1,0,0,1,0,1,0,0,0,0,0,0,0
00881647.png,0,0,0,0,0,0,0,0,0,0,1,0,0,0,0,0,0
00881903.png,0,0,1,0,0,0,0,0,0,0,0,0,0,0,0,0,1
00882494.png,0,0,0,0,0,0,0,0,0,0,0,0,0,0,0,0,0
00883603.png,0,0,0,1,0,0,0,0,0,0,0,0,0,0,0,0,1
00883784.png,0,0,0,0,0,0,0,0,0,0,0,0,0,0,0,0,0
00883856.png,0,0,0,0,0,0,0,0,0,0,0,0,0,0,0,0,0
00884151.png,0,0,0,0,0,0,0,0,0,0,0,0,0,0,0,0,0
00884394.png,0,0,0,0,0,0,0,0,0,0,0,0,0,0,0,0,1
00884405.png,0,0,0,1,0,0,0,0,0,0,0,0,0,0,0,0,1
00885059.png,0,0,0,0,0,0,0,0,0,0,0,0,0,1,0,0,0
00886181.png,0,0,0,0,0,0,0,0,0,0,0,0,0,1,0,0,0
00886908.png,0,0,0,0,0,0,0,0,1,0,0,0,0,0,0,0,1
00887078.png,0,0,0,0,0,0,0,0,0,0,0,0,0,1,0,0,0
00887401.png,0,0,0,0,1,1,0,0,0,0,0,0,0,0,0,0,1
00887589.png,0,0,0,0,0,0,0,0,0,0,0,0,0,0,0,0,1
00888293.png,0,0,0,0,0,0,0,0,0,0,0,0,0,0,0,0,0
00888912.png,0,0,0,0,0,0,0,0,0,0,0,0,0,0,0,0,1
00889002.png,0,0,0,0,0,0,0,0,0,0,0,0,0,1,0,0,0
00889455.png,0,0,0,0,0,0,0,0,0,0,0,0,0,0,0,0,1
00889567.png,0,0,0,0,0,0,0,0,0,0,0,0,0,1,0,0,0
00889853.png,0,0,0,0,0,0,0,0,0,0,1,0,0,0,0,0,1
00890090.png,0,0,0,0,0,0,0,0,0,0,0,0,0,1,0,0,0
00891068.png,0,0,0,0,0,0,0,0,0,0,0,0,0,0,0,0,0
00891834.png,0,0,0,0,0,0,0,0,0,0,0,0,0,0,0,0,0
00891968.png,0,0,0,0,0,0,0,1,0,1,0,0,0,1,0,0,0
00892924.png,0,0,0,1,0,0,0,0,0,0,0,0,0,0,0,1,0
00893391.png,0,0,0,0,0,0,0,0,0,0,0,0,0,0,0,0,0
00893510.png,0,0,0,0,0,0,0,0,0,0,0,0,0,0,0,1,0
00893872.png,0,0,0,0,0,0,0,0,0,0,0,0,0,0,0,0,0
00897771.png,0,0,0,0,0,0,0,0,0,0,0,0,0,0,0,0,0
00898588.png,0,0,0,0,0,0,0,0,0,0,0,0,0,1,0,0,0
00899391.png,0,0,0,0,0,0,0,0,0,0,0,0,0,0,0,0,0
00900282.png,0,0,0,0,0,0,0,0,0,0,0,0,0,0,0,0,1
00900501.png,0,0,0,0,0,0,0,0,0,0,0,0,0,0,0,1,0
00900623.png,0,0,0,0,0,0,0,0,0,0,0,0,0,0,0,0,0
00901447.png,0,0,0,0,0,0,0,0,0,0,0,0,0,1,0,0,0
00902093.png,0,0,0,0,0,0,0,0,0,0,0,0,0,0,0,0,0
00903892.png,0,0,0,0,1,0,0,0,0,1,0,0,1,0,0,0,0
00904426.png,0,0,0,0,0,0,0,0,0,0,0,0,0,0,0,0,0
00905659.png,0,0,0,0,0,0,0,0,0,0,0,0,0,0,0,0,0
00906331.png,0,0,0,0,0,0,0,0,0,0,0,0,0,0,0,0,0
00908239.png,0,0,0,0,0,0,0,0,0,0,0,0,0,0,0,0,0
00908772.png,0,0,0,0,0,0,0,0,0,0,0,0,0,0,0,0,0
00909149.png,0,0,0,0,0,0,0,0,0,0,0,0,0,0,0,0,0
00909317.png,0,0,0,0,0,0,0,0,0,0,0,0,0,0,0,0,0
00909836.png,0,0,0,0,0,0,0,0,0,0,0,0,0,0,0,0,0
00910502.png,0,0,0,0,0,0,0,0,0,0,0,0,0,0,0,0,0
00910550.png,0,0,0,0,0,0,0,0,0,0,0,0,0,0,0,0,0
00910841.png,0,0,0,0,0,0,0,0,0,0,0,0,0,0,0,0,0
00911290.png,0,1,0,0,0,0,0,0,1,0,0,0,0,0,0,0,0
00911319.png,0,1,0,0,1,0,0,0,1,0,0,1,0,0,0,0,0
00911472.png,0,1,0,0,0,0,0,0,0,1,0,0,0,0,0,0,0
00912566.png,1,0,0,1,0,0,1,0,0,0,0,0,0,0,0,0,0
00912894.png,0,0,0,0,0,0,0,0,0,0,0,0,0,0,0,0,0
00913471.png,0,0,0,1,0,0,0,0,0,0,0,0,0,0,0,0,0
00914877.png,0,1,0,0,1,0,0,0,0,0,0,0,1,0,0,0,0
00914956.png,0,0,0,0,0,0,0,0,0,0,0,0,0,0,0,0,1
00916168.png,0,1,0,0,0,0,0,0,1,0,0,0,0,0,0,0,1
00916174.png,0,0,1,0,0,0,0,0,1,0,0,0,0,0,0,0,1
00916221.png,0,0,0,0,0,0,0,0,0,0,0,0,0,0,0,0,0
00916328.png,0,0,0,0,0,0,0,0,0,0,0,0,0,0,0,0,0
00917438.png,0,0,0,0,0,0,0,0,0,0,0,0,0,0,0,0,0
00917790.png,0,0,0,0,0,0,0,0,0,0,0,0,0,0,0,1,0
00917951.png,0,0,0,0,0,0,0,0,0,0,0,0,0,0,0,0,0
00918963.png,0,0,0,0,0,0,0,0,0,0,0,0,0,0,0,0,0
00919757.png,0,0,0,0,0,0,0,0,0,0,0,0,0,0,0,0,0
00920181.png,0,0,0,0,0,0,0,0,0,0,0,0,0,0,0,1,0
00920198.png,0,0,0,0,0,0,0,0,0,0,0,0,0,0,0,0,0
00920305.png,0,0,1,0,0,0,0,0,0,0,0,0,0,0,0,0,1
00921726.png,0,0,0,0,0,0,0,0,0,0,0,0,0,0,0,0,0
00921874.png,0,0,0,0,0,0,0,0,0,0,0,0,0,0,0,0,0
00921915.png,0,0,0,0,0,0,0,0,0,0,0,0,0,0,0,0,0
00922266.png,0,0,0,0,0,0,0,0,0,0,0,0,0,0,0,0,0
00922449.png,0,0,0,0,0,0,0,0,0,0,0,0,0,0,0,0,1
00923256.png,0,0,0,0,0,0,0,0,0,0,0,0,0,0,0,0,1
00923615.png,0,0,0,0,0,0,0,0,0,0,0,0,0,0,0,0,0
00923616.png,0,0,0,0,0,0,0,0,0,0,0,0,0,0,0,0,0
00923677.png,0,1,0,0,0,0,0,0,0,0,0,0,0,1,0,0,0
00924252.png,1,1,0,0,1,0,0,0,0,0,0,0,0,0,0,0,0
00924352.png,0,0,0,0,0,0,0,0,0,0,0,0,0,0,0,0,0
00925385.png,0,0,0,0,0,0,0,0,0,0,0,0,0,0,0,0,0
00926878.png,0,0,0,0,0,0,0,0,0,0,0,0,0,0,0,0,0
00927198.png,0,0,0,0,0,0,0,0,0,0,0,0,0,0,0,0,0
00927313.png,0,0,0,0,0,0,0,0,0,0,0,0,0,0,0,0,0
00927963.png,0,0,0,0,0,0,0,0,0,0,0,0,0,0,0,0,0
00928127.png,0,0,0,0,0,0,0,0,0,0,0,0,0,0,0,0,0
00928618.png,0,0,0,0,0,0,0,0,0,0,0,0,0,0,0,0,0
00928687.png,0,0,0,0,0,0,0,0,0,0,0,0,0,0,0,0,0
00929472.png,0,0,0,0,0,0,0,0,0,0,0,0,0,0,0,0,0
00929915.png,0,0,0,0,0,0,0,0,0,0,0,0,0,0,0,0,0
00930139.png,0,0,0,0,0,0,0,0,0,0,0,0,0,0,0,0,0
00931023.png,0,0,0,0,0,0,0,0,0,0,0,0,0,0,0,0,0
00931056.png,0,0,0,0,0,0,0,0,0,0,0,0,0,0,0,0,0
00931612.png,0,0,0,0,0,0,0,0,0,0,0,0,0,0,0,0,0
00932100.png,0,0,0,0,0,0,0,0,1,0,0,1,0,0,0,0,0
00932445.png,0,0,0,0,0,0,0,0,0,0,0,0,0,0,0,0,0
00933591.png,0,0,0,0,0,0,0,0,0,0,0,0,0,0,0,0,0
00933956.png,0,0,0,0,0,0,0,0,0,0,0,0,0,0,0,0,0
00934092.png,0,0,0,0,1,0,0,1,0,0,0,0,0,0,0,0,0
00934313.png,0,0,0,0,0,0,0,0,0,0,0,0,0,0,0,0,0
00934522.png,0,0,0,0,0,0,0,0,0,0,0,0,0,0,0,0,0
00934578.png,0,0,0,0,0,0,0,0,0,1,0,0,0,0,0,0,0
00934632.png,0,0,0,0,0,0,0,0,0,0,0,0,0,0,0,0,0
00934704.png,0,0,0,0,0,0,0,0,0,0,0,0,0,0,0,0,0
00936228.png,0,0,0,0,0,0,0,0,0,0,0,0,0,1,0,0,0
00936429.png,0,1,0,0,0,0,0,0,0,0,0,0,0,1,0,0,0
00937020.png,0,1,0,0,0,0,0,0,0,1,0,1,0,0,0,0,0
00938380.png,0,0,0,0,0,0,0,0,0,0,0,0,0,0,0,0,0
00938695.png,0,0,0,0,0,0,0,0,0,0,1,0,0,0,0,0,0
00939284.png,1,1,0,0,0,0,1,0,0,0,0,0,1,0,0,0,0
00939803.png,0,0,0,0,0,0,0,0,0,0,0,0,0,1,0,0,0
00939864.png,0,0,0,0,0,0,0,0,0,0,0,0,0,0,0,0,0
00940970.png,0,0,0,0,0,0,0,0,0,0,0,0,0,0,0,1,0
00941308.png,0,0,0,0,0,0,0,0,0,0,0,0,0,0,0,0,0
00941410.png,0,0,0,0,0,0,0,0,0,0,0,0,0,0,0,0,0
00941836.png,0,0,0,0,0,0,0,0,0,0,0,0,0,0,0,1,0
00941934.png,0,0,0,0,0,0,0,0,0,0,0,0,0,0,0,1,0
00942298.png,0,1,0,0,1,0,1,0,0,0,0,0,1,0,0,0,0
00942399.png,0,1,0,0,1,0,0,0,0,1,0,0,1,0,0,0,0
00942666.png,1,1,0,0,1,0,0,0,0,1,0,0,0,0,0,0,0
00942928.png,0,0,0,0,0,0,0,0,0,0,0,0,0,0,0,0,0
00943369.png,0,0,0,0,0,0,0,0,0,0,0,0,0,0,0,0,0
00943851.png,0,0,0,0,0,0,0,0,0,0,0,0,0,0,0,0,0
00944198.png,0,0,0,0,1,0,0,0,0,0,0,0,0,0,0,0,0
00944213.png,1,1,0,0,1,0,0,0,0,0,0,1,0,0,0,0,0
00944584.png,0,1,0,0,0,0,0,0,0,0,0,0,0,1,0,0,0
00944589.png,0,1,0,0,0,0,0,0,0,0,0,0,0,1,0,0,0
00944736.png,0,0,0,0,0,0,0,0,0,0,0,0,0,0,0,0,0
00944751.png,0,0,0,0,0,0,0,0,0,0,0,0,0,0,0,0,0
00946267.png,0,0,0,0,1,0,0,0,0,0,0,0,0,0,0,0,0
00946558.png,0,0,0,0,0,1,0,0,0,0,0,0,0,0,0,0,1
00946846.png,0,0,0,0,0,0,0,0,0,0,0,0,0,1,0,0,0
00947860.png,0,0,0,0,0,0,0,0,0,0,0,0,0,0,0,0,0
00947891.png,0,0,0,0,1,0,0,0,1,0,0,0,0,0,0,0,0
00950655.png,0,0,0,0,0,0,0,0,0,0,0,0,0,0,0,0,0
00950957.png,0,0,0,0,0,0,0,0,0,0,0,0,0,1,0,0,0
00951987.png,0,0,0,0,0,0,0,0,0,0,0,0,0,0,0,0,0
00952035.png,0,0,0,0,0,0,0,0,0,0,0,0,0,0,0,0,0
00952242.png,0,0,0,0,0,0,0,0,0,0,0,0,0,0,0,0,0
00952602.png,0,0,0,0,0,0,0,0,0,0,0,0,0,0,0,0,0
00952962.png,0,0,0,1,0,0,0,0,0,0,0,0,0,0,0,0,1
00953120.png,0,0,0,0,1,0,0,0,0,0,0,0,1,0,0,0,0
00954120.png,0,0,0,0,0,0,0,0,0,0,0,0,0,0,0,0,0
00954251.png,0,0,0,0,0,0,0,0,0,0,0,0,0,1,0,0,0
00954660.png,0,0,1,0,0,0,0,0,0,0,0,0,0,0,0,0,0
00954794.png,0,0,0,0,0,0,0,0,0,0,0,0,0,0,0,0,0
00955886.png,0,0,0,0,0,0,0,0,0,0,0,0,0,0,1,0,0
00956163.png,0,0,0,0,0,0,0,1,0,0,0,0,0,0,0,1,0
00956524.png,1,0,0,0,0,0,0,0,0,0,0,0,0,0,0,0,0
00956956.png,0,0,0,0,0,0,0,0,0,0,0,0,0,0,0,0,0
00957027.png,0,0,0,0,0,0,0,0,0,0,0,0,0,0,1,0,0
00958814.png,0,0,0,0,0,0,0,0,0,0,0,0,0,0,0,0,0
00958943.png,0,0,0,0,0,0,0,0,0,0,0,0,0,0,0,0,0
00959099.png,0,0,0,0,0,0,0,0,0,0,0,0,0,1,0,0,0
00959171.png,0,0,0,0,0,0,0,0,0,0,0,0,0,0,0,0,0
00959470.png,0,0,0,0,0,0,0,0,0,0,0,0,0,0,0,0,0
00959816.png,0,1,0,0,0,0,0,0,0,0,0,1,0,0,0,0,0
00960101.png,0,0,0,0,0,0,0,0,1,0,0,0,0,0,0,0,0
00960370.png,0,0,0,0,1,0,0,0,0,1,0,1,0,0,0,0,0
00961477.png,0,0,0,0,0,0,0,0,0,0,0,0,0,0,0,0,0
00962960.png,0,0,0,0,0,0,0,0,0,0,0,0,0,0,0,0,0
00963079.png,0,0,0,0,0,0,0,0,0,0,0,0,0,0,0,1,0
00963613.png,0,0,0,0,0,0,0,0,0,0,0,0,0,0,1,0,0
00963906.png,0,1,0,0,1,0,0,0,0,0,0,0,0,0,0,0,0
00964190.png,0,0,0,0,0,0,0,0,0,0,0,0,0,0,0,0,0
00965087.png,0,0,0,0,0,0,0,0,0,0,0,0,0,0,0,0,0
00966482.png,0,0,0,0,0,0,0,0,0,0,0,0,0,0,1,0,0
00966838.png,0,0,0,0,0,0,0,0,0,0,0,0,0,0,0,0,0
00966871.png,0,0,0,0,0,0,0,0,0,0,0,0,0,0,0,0,0
00967197.png,1,0,0,0,0,0,0,0,0,0,0,0,0,0,0,0,0
00967578.png,0,0,0,0,1,0,0,1,0,1,0,0,0,0,0,0,0
00967719.png,0,0,0,0,0,0,0,0,0,0,0,0,0,0,0,0,0
00968766.png,0,0,0,0,1,0,0,1,0,1,0,0,0,0,0,0,0
00969774.png,0,0,0,0,0,0,0,0,0,0,0,0,0,1,0,0,0
00970664.png,0,0,0,0,0,0,0,0,0,0,0,0,0,0,0,0,0
00971776.png,0,0,0,0,0,0,0,0,0,0,0,0,0,0,0,0,0
00972881.png,0,0,0,0,0,0,0,0,0,0,0,0,0,0,0,0,0
00973138.png,0,0,0,0,0,0,0,0,0,0,0,0,0,0,0,0,0
00974048.png,0,0,0,0,0,0,0,0,0,0,0,0,0,0,0,0,0
00974070.png,0,0,0,0,0,0,0,0,0,0,0,0,0,0,0,0,0
00974233.png,0,0,0,0,0,0,0,0,0,0,0,0,0,0,0,0,0
00974267.png,0,0,0,0,0,0,0,0,0,0,0,0,0,0,0,0,0
00974289.png,0,0,0,0,0,0,0,0,0,0,0,0,0,0,0,0,0
00974550.png,0,0,0,0,0,0,0,0,0,0,0,0,0,0,0,0,0
00974861.png,0,0,0,0,0,0,0,0,0,0,0,0,0,0,0,0,0
00975319.png,0,0,0,0,0,0,0,0,0,0,0,0,0,0,0,0,0
00975583.png,0,0,0,0,0,0,0,0,0,0,0,0,0,0,0,0,0
00976058.png,0,0,0,0,0,0,0,0,0,1,0,0,0,0,0,0,0
00976220.png,0,0,0,0,0,0,0,0,0,0,0,0,0,0,0,0,0
00976756.png,0,0,0,0,0,0,0,0,0,0,0,0,0,0,0,0,0
00977609.png,0,1,0,0,1,0,0,0,0,0,0,0,1,0,0,0,0
00977948.png,0,0,0,0,0,0,0,0,0,0,0,0,0,0,0,0,0
00977964.png,0,0,0,0,0,0,0,0,0,0,0,0,0,0,0,0,0
00978056.png,0,0,0,0,0,0,0,0,0,0,0,0,0,0,0,0,0
00979710.png,0,0,0,0,0,0,0,0,0,0,0,0,0,1,0,0,0
00979891.png,0,0,1,0,0,0,0,0,0,1,0,0,0,0,0,0,0
00981303.png,0,0,0,0,0,0,0,0,0,0,0,0,0,1,0,0,0
00981369.png,0,0,0,0,1,0,0,0,0,0,0,0,0,0,0,0,1
00982416.png,1,0,1,0,0,0,0,0,1,0,0,0,0,0,0,0,1
00982505.png,0,0,0,0,0,0,0,0,0,0,0,0,0,0,0,1,0
00982992.png,0,0,1,0,1,0,0,0,0,0,0,1,0,0,0,0,1
00983066.png,0,0,0,0,0,0,0,0,0,0,0,0,0,0,0,0,0
00983094.png,0,0,0,0,0,0,0,0,0,0,0,0,0,1,0,0,0
00983183.png,0,0,0,0,0,0,0,0,0,0,0,0,0,0,0,0,0
00983662.png,0,0,1,0,0,0,0,0,0,0,0,0,0,0,0,0,0
00984262.png,0,0,0,0,0,0,0,0,0,0,0,0,0,0,0,0,0
00984585.png,0,0,1,1,0,0,0,0,0,0,0,0,0,0,0,0,1
00984733.png,0,0,0,1,0,0,0,0,0,0,0,0,0,0,0,1,0
00984751.png,0,0,0,0,0,0,0,0,0,0,0,0,0,0,0,1,0
00984931.png,0,0,0,0,0,0,0,0,0,0,0,0,0,0,0,0,0
00985170.png,0,0,0,0,0,0,0,0,0,0,0,0,0,0,0,1,0
00985565.png,0,0,1,0,0,0,0,0,0,0,0,0,0,0,0,0,1
00985669.png,0,0,0,0,0,0,0,0,0,0,0,0,0,0,0,1,0
00985693.png,0,0,0,0,0,0,0,0,0,0,0,0,0,0,0,1,0
00985791.png,0,0,0,0,0,0,0,0,0,0,0,0,0,0,0,1,0
00986014.png,0,0,0,0,0,0,0,0,0,0,0,0,0,0,0,0,0
00986299.png,0,0,0,1,0,0,0,0,0,0,0,0,0,0,0,1,0
00986461.png,0,0,0,0,0,0,0,0,0,0,0,0,0,1,0,0,0
00986734.png,0,0,0,0,0,0,0,0,0,0,0,0,0,0,0,0,0
00986739.png,0,0,0,0,0,0,0,0,0,0,0,0,0,0,0,0,0
00987163.png,0,0,0,0,0,0,0,0,1,0,0,0,0,0,0,1,0
00987339.png,0,0,0,0,0,0,0,0,0,0,0,0,0,0,0,0,0
00987453.png,0,0,0,1,0,0,0,0,0,0,0,0,0,0,0,1,0
00987507.png,0,0,0,0,0,0,0,0,0,0,0,0,0,0,0,1,0
00987523.png,0,0,0,0,0,0,0,0,0,0,0,0,0,0,0,1,0
00988496.png,0,0,0,0,0,0,0,0,0,1,0,0,0,0,0,0,1
00988695.png,1,1,0,0,0,0,0,0,0,0,0,0,0,0,0,0,0
00988705.png,0,0,1,0,0,0,0,0,0,0,0,0,0,0,0,0,0
00989249.png,0,0,0,0,0,0,0,0,0,0,0,0,0,0,0,1,0
00989915.png,0,1,0,0,1,0,0,0,0,0,0,0,0,1,0,0,0
00990146.png,0,1,0,0,1,0,0,0,0,0,1,0,1,0,0,0,0
00990251.png,0,0,0,0,0,0,0,0,0,0,0,0,0,0,0,0,0
00990581.png,0,1,0,0,1,0,0,1,0,0,0,0,1,0,0,0,0
00991534.png,0,0,0,0,0,0,0,0,0,0,0,0,0,0,0,0,0
00991745.png,0,0,0,0,0,0,0,0,0,0,0,0,0,0,0,0,1
00991792.png,0,0,0,0,0,0,0,0,0,0,0,0,0,0,0,0,0
00992148.png,0,0,0,0,0,0,0,0,0,0,0,0,0,0,0,0,0
00993127.png,0,0,0,0,0,0,0,0,0,0,0,0,0,0,0,0,0
00993221.png,0,0,0,0,0,0,0,0,0,0,0,0,0,0,0,0,0
00993225.png,0,0,0,0,0,0,0,0,0,0,0,0,0,1,0,0,0
00994108.png,0,0,0,0,0,0,0,0,0,0,0,0,0,0,0,0,0
00994199.png,1,0,0,0,1,0,1,0,0,0,0,0,0,0,0,0,1
00994680.png,0,0,0,0,0,0,0,0,0,0,0,0,0,0,0,0,0
00995147.png,0,0,0,0,0,0,0,0,0,0,0,0,0,0,0,0,0
00995332.png,0,0,0,0,0,0,0,0,0,0,0,0,0,0,0,0,0
00995804.png,0,0,0,0,0,0,0,0,0,0,0,0,0,0,0,0,0
00996493.png,0,0,0,0,0,0,0,0,0,0,0,0,0,0,0,0,0
00999885.png,0,0,0,0,0,0,0,0,0,0,0,0,0,0,0,0,0
01000698.png,0,0,0,0,0,0,0,0,0,0,0,0,0,0,0,0,0
01000907.png,0,0,0,0,1,0,0,1,0,1,0,0,0,0,0,0,0
01001445.png,0,0,0,0,0,0,0,0,0,0,0,0,0,0,0,0,0
01001951.png,0,0,0,0,0,0,0,0,0,0,0,0,0,0,0,0,0
01002211.png,0,0,0,0,0,0,0,0,0,0,0,0,0,0,0,0,0
01002814.png,1,0,0,0,0,0,0,0,0,0,0,0,0,1,0,0,0
01003054.png,0,0,0,0,0,0,0,0,0,0,0,0,0,0,0,0,0
01003550.png,0,0,0,0,0,0,0,0,0,0,0,0,0,0,0,0,0
01004415.png,0,0,0,0,1,0,0,0,0,0,0,1,0,0,0,0,0
01005134.png,0,0,0,0,0,0,0,0,0,0,0,0,0,0,0,0,0
01005276.png,0,1,0,0,0,0,1,0,0,1,0,0,0,0,0,0,0
01005604.png,0,0,0,0,0,0,0,0,0,0,0,0,0,0,0,0,0
01005655.png,0,0,0,0,0,0,0,0,0,0,0,0,0,0,0,0,0
01005855.png,0,0,0,0,0,0,0,0,0,0,0,0,0,0,0,0,0
01007458.png,0,1,0,0,1,0,0,0,0,0,0,1,0,0,0,0,0
01007630.png,1,0,0,0,0,0,0,0,0,0,0,0,1,0,0,0,0
01007756.png,0,0,0,0,0,0,0,0,0,0,0,0,0,0,0,0,0
01008368.png,0,0,0,0,0,0,0,0,0,0,0,0,0,0,0,0,0
01010431.png,0,0,0,0,0,0,0,0,0,0,0,0,0,0,0,0,0
01011147.png,0,0,0,0,0,0,0,0,0,0,0,0,0,0,0,0,0
01013111.png,0,0,0,0,0,0,0,0,0,0,0,0,0,0,0,0,0
01013676.png,0,0,0,0,0,0,0,0,0,0,0,0,0,0,0,0,0
01016762.png,0,0,0,0,0,0,0,0,0,0,0,0,0,0,0,0,0
01017470.png,0,0,0,0,0,0,0,0,0,0,0,0,0,0,0,0,0
01017839.png,0,0,0,1,1,0,0,0,1,0,0,0,0,0,0,0,0
01018657.png,0,0,0,0,1,0,0,0,0,0,0,0,1,0,0,0,0
01020889.png,0,0,0,0,0,0,1,0,0,0,0,0,0,0,0,0,0
01020894.png,0,0,0,0,0,0,0,0,0,0,0,0,0,0,0,0,0
01021555.png,1,1,0,0,1,1,0,0,0,0,0,0,0,0,0,0,1
01022741.png,0,0,0,0,0,0,0,0,0,0,0,0,0,0,0,0,0
01025415.png,0,0,0,0,0,0,0,0,0,0,0,0,0,0,0,0,0
01027487.png,0,0,0,0,0,0,0,0,0,0,0,0,0,0,0,0,0
01028005.png,0,0,0,0,0,0,0,0,0,0,0,0,0,0,0,0,0
01028598.png,0,0,0,0,0,0,0,0,0,0,0,0,0,0,0,0,0
01028856.png,0,0,0,0,0,0,0,0,0,0,0,0,0,0,0,0,0
01029375.png,0,0,0,0,0,0,0,0,0,0,0,0,0,0,0,0,0
01029562.png,0,0,0,0,0,0,0,0,0,0,0,0,0,0,0,0,0
01031417.png,0,0,0,0,0,0,0,0,0,0,0,0,0,0,0,0,0
01032067.png,0,0,0,0,0,0,0,0,0,0,0,0,0,0,0,0,0
01032347.png,0,0,0,0,0,0,0,0,0,0,0,0,0,0,0,0,0
01032956.png,0,0,0,0,0,0,0,0,0,0,0,0,0,0,0,0,0
01033129.png,0,0,0,0,0,0,0,0,0,0,0,0,0,0,0,0,0
01033143.png,0,0,0,0,1,0,0,1,1,1,0,0,0,0,0,0,0
01034179.png,0,0,0,1,0,1,0,0,1,0,0,0,0,0,0,0,0
01034453.png,0,0,0,0,1,0,0,0,0,1,0,1,0,0,0,0,0
01034578.png,0,0,0,1,0,0,0,0,0,0,0,0,0,0,0,0,0
01034626.png,1,1,0,0,1,0,0,1,0,1,0,0,1,0,0,0,0
01034628.png,1,1,0,0,1,0,0,1,0,1,0,0,1,0,0,0,0
01035716.png,0,1,0,0,0,0,0,1,0,1,0,0,0,0,0,0,0
01036408.png,0,0,0,1,0,0,0,1,0,1,0,0,0,0,0,0,0
01037028.png,0,1,0,0,1,0,1,0,0,0,0,1,0,0,0,0,0
01037598.png,0,1,0,0,1,1,0,0,0,0,0,0,1,0,0,0,0
01037642.png,0,1,0,0,0,0,0,0,1,0,0,0,0,0,0,0,0
01037937.png,0,1,0,0,1,1,0,0,0,0,0,0,0,0,0,0,0
01038881.png,0,0,0,0,0,0,0,0,0,0,0,0,0,0,0,0,0
01039727.png,0,0,0,0,0,0,0,0,0,0,0,0,0,0,0,0,0
01039805.png,0,0,0,0,0,0,0,0,0,0,0,0,0,0,0,0,0
01040867.png,0,0,0,0,0,0,0,0,0,0,0,0,0,0,0,0,0
01042324.png,0,0,0,0,0,0,0,0,0,1,0,0,0,0,0,0,0
01042712.png,0,0,0,0,0,0,0,0,0,0,0,0,0,0,0,0,0
01044129.png,0,1,0,0,1,0,1,0,0,0,0,0,0,0,0,0,0
01044327.png,0,1,0,0,1,0,0,1,0,0,0,0,0,0,0,0,0
01044756.png,0,1,0,0,1,0,0,0,0,0,0,0,0,0,0,0,0
01045206.png,0,1,0,0,1,0,0,0,0,0,0,0,0,0,0,0,0
01045623.png,0,0,0,0,0,0,0,0,0,0,0,0,0,0,0,0,0
01045657.png,0,0,0,0,0,0,0,0,0,0,0,0,0,0,0,0,0
01046163.png,0,1,0,0,0,0,0,0,1,0,0,0,0,0,0,0,0
01046475.png,0,0,0,0,0,0,0,0,0,0,0,0,1,0,0,0,0
01046856.png,0,0,0,1,0,0,0,0,0,0,0,0,0,0,1,0,0
01047521.png,0,1,0,0,0,0,0,0,0,0,0,1,0,0,0,0,0
01048067.png,0,0,0,0,0,0,0,0,0,0,0,0,0,0,0,0,0
01049066.png,0,1,0,0,0,0,1,0,0,1,0,0,1,0,0,0,0
01049368.png,0,0,0,0,0,0,0,0,0,0,0,0,0,0,0,0,0
01049768.png,0,0,0,0,0,0,0,0,0,0,0,0,0,1,0,0,0
01049822.png,0,0,0,0,0,0,0,0,0,0,0,0,0,0,0,0,0
01050084.png,0,0,0,0,0,0,0,0,0,0,0,0,0,0,1,0,0
01050164.png,0,0,0,0,0,0,0,0,0,0,0,0,0,0,1,0,0
01050467.png,0,0,0,0,0,0,0,0,0,0,0,0,0,0,1,0,0
01050768.png,0,0,0,0,0,0,0,0,0,0,0,0,0,0,0,1,0
01050917.png,0,0,0,0,0,0,0,0,0,0,0,0,0,0,0,0,0
01051798.png,0,0,0,0,0,0,0,0,0,0,0,0,0,0,0,0,0
01051961.png,0,0,0,0,0,0,0,0,0,0,0,0,0,0,0,0,0
01052300.png,0,0,0,0,0,0,0,0,0,0,0,0,0,0,0,0,0
01052848.png,0,0,0,0,0,0,0,0,0,1,0,0,0,0,0,0,0
01052849.png,0,0,0,0,1,0,0,0,0,1,0,0,0,0,0,0,0
01052948.png,0,0,0,0,0,0,0,0,0,0,0,0,0,0,0,0,0
01053218.png,0,0,0,1,1,1,0,1,0,1,0,1,0,0,0,0,0
01053564.png,0,1,0,0,1,0,0,0,0,0,0,0,1,0,0,0,0
01053764.png,0,0,0,0,0,0,0,0,0,0,0,0,0,0,0,1,0
01054803.png,0,0,0,0,0,0,0,0,0,0,0,0,0,0,0,0,0
01055578.png,0,0,0,0,0,0,0,0,0,1,0,0,0,0,1,0,0
01055779.png,0,1,0,0,1,0,0,0,0,0,0,0,0,0,0,0,0
01055888.png,0,1,0,0,1,1,1,0,0,0,0,0,0,0,0,0,0
01055965.png,0,1,0,0,1,0,0,0,0,0,0,0,0,0,0,0,1
01057578.png,0,0,1,0,0,0,0,0,0,0,0,0,0,0,0,0,0
01058079.png,1,0,0,0,1,0,0,0,0,0,0,1,0,0,0,0,0
01058214.png,0,1,0,0,0,0,0,0,0,0,0,0,1,0,0,0,0
01059298.png,0,0,0,0,1,0,0,0,1,0,0,1,0,0,0,0,1
01059306.png,0,0,0,0,1,0,0,0,1,0,1,1,0,0,0,0,0
01060234.png,0,0,0,0,0,0,0,0,0,0,0,0,0,0,0,0,0
01060791.png,0,0,0,0,0,0,0,0,0,0,0,0,0,0,0,1,0
01061111.png,0,0,0,1,0,0,0,0,1,0,0,0,0,0,0,0,0
01061412.png,0,0,0,0,0,0,0,0,0,0,0,0,0,0,0,0,0
01061604.png,0,0,0,0,0,0,0,0,0,0,0,0,0,0,0,0,0
01062039.png,0,1,0,0,1,0,0,0,0,0,0,0,0,0,0,0,1
01063355.png,0,0,0,0,0,0,1,0,0,0,0,0,0,0,0,0,0
01063483.png,0,1,0,0,1,0,0,0,0,0,0,0,1,1,0,0,0
01063536.png,1,0,0,0,1,0,0,0,0,0,0,0,0,0,0,0,1
01063831.png,0,0,0,0,0,0,0,0,0,0,0,0,0,0,0,0,0
01063880.png,0,0,0,0,0,0,0,0,0,0,0,0,0,0,0,0,0
01064252.png,0,0,0,0,0,0,0,0,0,0,0,0,0,0,0,0,0
01064596.png,0,0,0,0,0,0,0,0,0,0,0,0,0,0,0,0,0
01064965.png,0,0,0,0,0,0,0,0,0,0,0,0,0,0,0,0,0
01065017.png,0,0,0,0,1,0,0,1,0,1,0,0,0,0,0,0,0
01066019.png,0,1,0,0,1,0,0,0,0,0,1,1,0,0,0,0,1
01066606.png,0,0,0,0,0,0,0,0,0,0,0,0,0,0,0,0,0
01066802.png,0,0,0,0,0,0,0,0,0,0,0,0,0,0,0,0,0
01066970.png,0,0,0,0,0,0,0,1,0,0,0,0,0,0,1,0,0
01067641.png,0,0,0,0,0,0,0,0,0,0,0,0,0,0,0,0,0
01068620.png,0,0,0,0,0,0,0,0,0,0,0,0,0,0,0,0,0
01069311.png,0,0,0,0,0,0,0,0,1,0,0,1,0,0,0,0,0
01069719.png,0,0,0,0,0,0,0,0,0,0,0,0,0,0,0,0,0
01069963.png,0,0,0,0,0,0,0,0,0,0,0,0,0,0,0,0,0
01070523.png,0,0,0,0,0,0,0,0,0,0,0,0,0,0,0,0,0
01070550.png,0,0,0,0,0,0,0,0,0,0,0,0,0,0,0,0,0
01071269.png,0,0,0,0,0,0,0,0,0,0,0,0,0,0,0,0,0
01072504.png,0,0,0,0,0,0,0,0,0,0,0,1,0,0,0,0,0
01072517.png,0,0,0,0,0,0,0,0,0,0,0,0,0,0,0,0,0
01072914.png,0,0,0,0,0,0,0,0,0,0,0,0,0,0,0,0,0
01073062.png,0,0,0,0,0,0,0,0,0,0,0,0,0,0,0,0,0
01073850.png,0,0,0,0,0,0,0,0,0,0,0,0,0,0,0,0,0
01075340.png,0,0,0,0,0,0,0,0,0,0,0,0,0,0,0,0,0
01075413.png,0,0,0,0,0,0,0,0,0,0,0,0,0,0,0,0,0
01075533.png,0,0,0,0,0,0,0,0,0,0,0,0,0,0,0,0,0
01075774.png,0,0,0,1,0,0,0,0,0,0,0,0,0,0,0,0,0
01076397.png,0,0,0,0,0,0,0,0,0,0,0,0,0,0,0,0,0
01076704.png,0,0,0,0,0,0,0,0,0,0,0,0,0,0,0,0,0
01076716.png,0,0,0,0,0,0,0,0,0,0,0,0,0,0,0,0,0
01076973.png,0,0,0,1,0,0,0,0,0,0,0,0,0,0,0,0,0
01076985.png,0,0,0,0,0,0,0,0,0,0,0,0,0,0,0,0,0
01077316.png,0,0,0,0,0,0,0,0,0,0,0,0,0,0,0,0,0
01078282.png,0,0,0,0,0,0,0,0,0,0,0,0,0,0,0,0,0
01079293.png,0,0,0,0,0,0,0,0,0,0,0,0,0,0,0,0,0
01079508.png,0,0,0,0,0,0,0,0,0,0,0,0,0,0,0,0,0
01079658.png,0,0,0,0,0,0,0,0,0,0,0,0,0,0,0,0,0
01079828.png,1,1,0,0,1,0,0,1,1,1,0,0,0,0,0,0,0
01082436.png,1,1,0,0,0,0,0,0,0,1,0,0,1,0,0,0,0
01082438.png,1,1,0,0,0,0,0,1,0,1,0,0,0,0,0,0,0
01083055.png,0,1,0,0,1,0,0,1,1,1,0,0,0,0,0,0,0
01083072.png,0,1,0,0,1,0,0,0,0,1,0,0,0,0,0,0,0
01083126.png,0,1,0,0,1,0,1,1,0,1,0,0,0,0,0,0,0
01083183.png,0,1,0,0,0,0,1,0,0,1,0,0,0,0,0,0,0
01083897.png,0,1,0,0,1,0,0,0,1,0,0,1,0,0,0,0,0
01084313.png,0,0,0,0,0,0,0,0,0,0,0,0,0,0,0,0,0
01084732.png,0,0,0,0,0,0,0,0,0,0,0,0,0,0,0,0,0
01084933.png,0,0,0,0,0,0,0,0,0,0,0,0,0,0,0,0,0
01084991.png,0,0,0,0,0,0,0,0,0,0,0,0,0,0,0,0,0
01085109.png,0,0,0,0,0,0,0,0,0,0,0,0,0,0,0,0,0
01085278.png,0,0,0,0,0,0,0,0,0,0,0,0,0,0,0,0,0
01085359.png,0,0,0,0,0,0,0,0,0,0,0,0,0,0,0,0,0
01086188.png,0,0,0,0,0,0,0,0,0,0,0,0,0,0,0,0,0
01086665.png,0,0,0,0,0,0,0,0,0,0,0,0,0,1,0,0,1
01086958.png,1,0,0,0,0,0,0,0,0,0,1,0,0,0,0,0,0
01087366.png,1,1,0,0,1,0,0,0,0,0,0,0,0,0,0,0,0
01087601.png,0,1,0,0,1,0,1,0,0,0,0,0,0,0,0,0,0
01090204.png,0,1,0,0,0,0,0,0,0,1,0,0,0,0,0,0,0
01090795.png,0,1,0,0,1,1,0,1,1,1,0,0,1,0,0,0,0
01091355.png,0,0,0,0,0,0,0,0,0,0,0,0,0,0,0,0,0
01092540.png,0,0,0,0,0,0,0,0,0,0,0,0,0,0,0,0,0
01092764.png,0,0,0,0,0,0,0,0,0,0,0,0,0,0,0,0,0
01093252.png,0,0,0,0,0,0,0,0,0,0,0,0,0,1,0,0,0
01093715.png,0,1,0,0,1,0,0,0,0,1,0,0,0,0,0,0,0
01093728.png,0,1,0,0,1,0,0,0,0,1,0,0,0,0,0,0,0
01093754.png,0,1,0,0,1,0,0,1,0,1,0,0,0,0,0,0,0
01094688.png,0,0,0,0,0,0,0,0,0,0,0,0,0,0,0,0,0
01095320.png,0,1,0,0,1,0,0,0,0,0,0,0,1,0,0,0,0
01096785.png,0,0,0,0,1,0,0,0,0,1,0,0,0,0,0,0,0
01097663.png,0,0,0,0,0,0,1,0,0,0,0,0,0,0,0,0,1
01098186.png,0,1,0,0,0,0,0,1,0,1,0,0,0,0,0,0,0
01098342.png,0,1,0,0,1,0,0,1,0,1,0,0,0,0,0,0,0
01099440.png,1,0,0,0,1,0,0,0,0,0,0,0,0,0,0,0,0
01100322.png,0,0,0,0,0,0,0,0,0,0,0,0,0,0,0,0,0
01102408.png,0,1,0,0,0,0,0,0,0,0,0,0,1,0,0,0,0
01102710.png,0,0,0,0,0,0,0,0,0,0,0,0,0,0,0,0,0
01103026.png,0,0,0,0,0,0,0,0,0,0,0,0,0,0,0,0,0
01103228.png,0,0,0,1,0,0,0,0,0,0,0,1,0,0,0,0,0
01103588.png,0,0,0,0,0,0,0,0,0,0,0,0,0,0,0,0,0
01104206.png,0,0,0,0,0,0,0,0,0,0,0,0,0,0,0,0,0
01104231.png,0,0,0,0,0,0,0,0,1,0,0,0,0,0,0,0,1
01105382.png,0,1,0,0,1,0,0,0,0,1,1,0,0,0,0,0,0
01105706.png,0,0,0,0,0,0,0,0,0,0,0,0,0,0,0,0,0
01106152.png,0,0,0,0,0,0,0,0,1,0,0,0,0,0,0,0,0
01106245.png,0,0,0,1,0,0,0,0,0,1,0,0,0,0,0,0,0
01106504.png,0,0,0,0,0,0,0,0,0,0,0,0,0,0,0,0,0
01107834.png,0,0,0,0,0,0,0,0,0,0,0,0,0,0,0,0,0
01108368.png,0,0,0,0,0,0,0,0,0,0,0,0,0,0,0,0,0
01108628.png,0,1,0,0,1,0,0,0,0,1,0,0,0,0,0,0,0
01109227.png,0,1,0,0,0,0,0,0,0,1,0,0,1,0,0,0,0
01109337.png,0,1,0,0,0,0,0,0,0,1,0,0,0,0,0,0,0
01109363.png,1,1,0,0,0,0,0,1,0,0,1,0,1,0,0,0,0
01109823.png,0,1,0,0,0,0,0,0,0,0,0,1,0,0,0,0,0
01109879.png,0,0,0,0,0,0,0,0,0,0,0,0,0,0,0,0,0
01110037.png,0,0,0,0,0,0,0,0,0,0,0,0,0,0,0,0,0
01111621.png,0,0,0,0,0,0,0,0,0,0,0,0,0,0,0,0,0
01112344.png,0,0,0,0,0,0,0,0,0,0,0,0,0,0,0,0,0
01113785.png,0,0,0,0,0,0,0,0,0,0,0,0,0,0,0,0,0
01114471.png,0,0,0,0,0,0,0,0,0,0,0,0,0,0,0,0,0
01114530.png,0,0,0,0,0,0,0,0,0,0,0,0,0,0,0,0,0
01115743.png,0,0,0,0,0,0,0,0,0,0,0,0,0,0,0,0,0
01116885.png,0,0,0,0,0,0,0,0,0,0,0,1,0,0,0,0,0
01117914.png,0,0,1,0,0,0,0,0,0,0,0,0,0,0,1,0,0
01118795.png,0,0,0,0,1,0,0,0,0,1,0,0,0,0,0,0,0
01119125.png,0,0,0,0,0,0,0,0,0,0,0,0,0,0,0,0,0
01119273.png,0,0,0,0,0,0,0,0,0,0,0,0,0,0,0,0,0
01119533.png,0,0,0,0,0,0,0,0,0,0,0,0,0,0,0,0,0
01119714.png,0,0,0,0,0,0,0,0,0,0,0,0,0,0,0,0,0
01119758.png,0,0,0,0,0,0,0,0,0,1,0,0,1,0,0,0,0
01119971.png,0,0,0,0,0,0,0,0,0,0,0,0,0,0,0,0,0
01120111.png,0,0,0,0,0,0,0,0,0,0,0,0,0,0,0,0,0
01120974.png,0,1,0,0,0,0,0,0,0,0,0,0,1,0,0,0,0
01121203.png,0,0,0,0,1,1,0,0,0,1,0,0,0,0,0,0,0
01121900.png,0,0,0,0,0,0,0,0,0,0,0,0,0,0,0,0,0
01122203.png,0,0,0,0,0,0,0,0,0,0,0,0,0,0,0,0,0
01122487.png,0,0,0,0,0,0,0,0,0,0,0,0,0,0,0,0,0
01123397.png,0,0,0,0,0,0,0,0,0,0,0,0,0,0,0,0,0
01123713.png,0,0,0,0,0,0,0,0,0,0,0,0,0,0,0,0,0
01125102.png,0,0,0,0,0,0,0,0,0,0,0,0,0,0,0,0,0
01125421.png,0,1,0,0,1,0,0,0,0,0,0,0,0,0,0,0,0
01125784.png,0,0,0,0,0,0,0,0,0,0,0,0,0,0,0,0,0
01125859.png,0,0,0,0,0,0,0,0,0,0,0,0,0,0,0,0,0
01126092.png,0,0,0,0,0,0,0,0,0,0,0,0,0,0,0,0,0
01126105.png,0,0,0,0,0,0,0,0,0,0,0,0,0,0,0,0,0
01126370.png,0,0,0,0,0,0,0,0,0,0,0,0,0,0,0,0,0
01126392.png,0,0,0,0,0,0,0,0,0,0,0,0,0,0,0,0,0
01126946.png,0,0,0,0,0,0,0,0,0,0,0,0,0,0,0,0,0
01127033.png,0,0,0,0,0,0,0,0,0,0,0,0,0,0,0,0,0
01127295.png,0,0,0,0,0,0,0,0,0,0,0,0,0,0,0,0,0
01127326.png,0,0,0,0,0,0,0,0,0,0,0,0,0,0,0,0,0
01128298.png,0,1,0,0,1,0,1,0,0,0,0,0,0,0,0,0,0
01129424.png,0,0,0,0,0,0,0,0,0,0,0,0,0,0,0,0,0
01130003.png,0,0,0,0,0,0,0,0,0,0,0,0,0,0,0,0,0
01130460.png,0,0,0,0,0,0,0,0,0,0,0,0,0,0,0,0,0
01130496.png,0,0,0,0,0,0,0,0,0,0,0,0,0,0,0,0,0
01130731.png,0,0,0,0,0,0,0,0,0,0,0,0,0,0,0,0,0
01131567.png,0,0,0,0,0,0,0,0,0,0,0,0,0,0,0,0,0
01132061.png,0,0,0,0,0,0,0,0,0,0,0,0,0,0,0,0,0
01132232.png,0,0,0,0,0,0,0,0,0,0,0,0,0,0,0,0,0
01133236.png,0,0,0,0,0,0,0,0,1,0,0,0,0,0,0,0,0
01135447.png,1,1,0,0,1,0,0,0,0,0,1,0,0,0,0,0,0
01135601.png,0,0,0,0,0,0,0,0,0,0,0,0,0,0,0,0,0
01135630.png,0,0,0,0,0,0,0,0,0,0,0,0,0,0,0,0,0
01137826.png,0,0,0,0,0,0,0,0,0,0,0,0,0,0,0,0,0
01140855.png,0,0,0,0,0,0,0,0,0,0,0,0,0,0,0,0,0
01141149.png,0,0,0,0,0,0,0,0,0,0,0,0,0,0,0,0,0
01141758.png,0,1,0,0,1,0,0,0,0,1,0,0,0,0,0,0,0
01143117.png,0,0,0,0,0,0,0,0,0,0,0,0,0,0,0,0,0
01145110.png,0,0,0,0,0,0,0,0,0,0,0,0,0,0,0,0,0
01145457.png,0,0,0,0,0,0,0,0,0,0,0,0,0,0,0,0,0
01146499.png,0,0,0,0,0,0,0,0,0,0,0,0,0,0,0,0,0
01146746.png,0,0,1,0,0,0,0,0,0,0,0,0,0,0,0,0,1
01146835.png,0,0,0,0,0,0,0,0,0,0,0,0,0,0,0,0,0
01148891.png,0,0,0,0,0,0,0,0,0,0,0,0,0,0,0,0,0
01149069.png,0,0,0,0,1,1,0,0,1,0,0,0,0,0,0,0,1
01149724.png,0,0,0,0,0,0,0,0,0,0,0,0,0,0,0,0,0
01150120.png,0,0,0,0,0,0,0,0,0,0,0,0,0,0,0,0,0
01150606.png,0,0,0,1,0,0,0,0,0,0,0,0,0,1,0,0,0
01151327.png,0,0,0,0,0,0,0,0,0,0,0,0,0,0,0,1,0
01151337.png,0,0,0,0,0,0,0,0,0,0,0,0,0,0,0,0,0
01151350.png,0,0,0,0,0,0,0,0,0,0,0,0,0,0,0,1,0
01151447.png,0,0,0,0,0,0,0,0,0,0,0,0,0,1,0,0,0
01151678.png,0,0,0,0,0,0,0,0,0,0,0,0,0,0,0,0,0
01152228.png,0,1,0,0,1,0,0,0,0,1,0,0,0,0,0,0,0
01153453.png,0,0,0,0,0,0,0,0,0,0,0,0,0,0,0,0,0
01154358.png,0,0,0,0,0,0,0,0,0,0,0,0,0,0,0,0,0
01156065.png,0,0,0,0,0,0,0,0,0,0,0,0,0,0,0,0,0
01156127.png,0,0,0,1,0,0,0,0,0,0,0,0,0,0,0,0,0
01156416.png,0,0,0,0,0,0,0,0,0,0,0,0,0,0,0,0,0
01156656.png,0,0,0,0,0,0,0,0,0,0,1,0,0,0,0,0,0
01156762.png,0,0,0,0,0,0,0,0,0,0,0,0,0,0,0,0,0
01157293.png,0,0,0,0,0,0,0,0,0,0,0,0,0,1,0,0,0
01157671.png,0,1,0,0,0,0,0,0,0,1,0,0,0,0,0,0,0
01158660.png,0,1,0,0,1,0,0,1,0,0,0,0,0,0,0,0,0
01159473.png,0,1,0,0,0,0,0,0,0,0,0,1,0,0,0,0,0
01159861.png,1,1,0,0,0,0,0,1,0,1,0,0,0,0,0,0,0
01162199.png,0,1,0,0,1,0,1,0,0,0,0,0,0,0,0,0,0
01163202.png,0,1,0,0,1,0,0,0,0,0,0,1,0,0,0,0,0
01164485.png,0,0,0,0,0,0,0,0,0,0,0,0,0,0,0,0,0
01164570.png,0,0,0,0,0,0,0,0,0,0,0,0,0,0,0,0,0
01164784.png,0,0,0,0,0,0,0,0,0,0,0,0,0,0,0,0,0
01165797.png,0,0,0,1,0,0,0,0,0,0,0,0,0,0,0,0,0
01166056.png,0,0,0,0,0,0,0,0,1,0,0,0,0,0,0,0,0
01166068.png,0,0,0,0,0,0,0,0,0,0,0,0,0,0,0,0,0
01166232.png,1,0,0,0,1,0,1,0,0,0,0,0,0,0,0,0,0
01166345.png,0,0,0,0,0,0,0,0,0,0,0,0,0,0,0,0,0
01167079.png,0,0,0,0,0,0,0,0,0,0,0,0,0,0,0,0,0
01167374.png,0,0,0,0,0,0,0,0,0,0,0,0,0,0,0,0,0
01167693.png,0,0,0,0,0,0,0,0,0,0,0,0,0,0,0,0,0
01167744.png,0,0,0,0,0,0,0,0,0,0,0,0,0,0,0,0,0
01167950.png,1,0,0,0,1,0,1,0,0,0,0,0,0,0,0,0,0
01168345.png,0,0,0,0,0,0,0,0,0,0,0,0,0,0,0,0,0
01169232.png,0,1,0,0,1,0,1,0,0,0,0,0,0,0,0,0,0
01169712.png,0,0,0,0,0,0,0,0,0,0,0,0,0,1,0,0,0
01169917.png,1,0,0,1,0,0,0,0,0,1,0,0,0,0,0,0,0
01170816.png,0,0,0,0,0,0,0,0,1,0,0,1,0,0,0,0,0
01170961.png,0,0,0,0,0,0,0,0,1,0,0,0,0,0,0,0,0
01171206.png,0,0,0,0,0,0,0,0,0,0,0,0,0,0,0,0,0
01171314.png,1,1,0,0,1,0,1,0,0,0,0,0,0,0,0,0,0
01171592.png,0,0,0,0,0,0,0,0,0,0,0,0,0,0,0,0,0
01172243.png,0,0,0,0,0,0,0,0,0,0,0,0,0,0,0,0,0
01172288.png,0,0,0,1,0,0,0,0,1,0,0,0,0,0,0,0,0
01172531.png,0,1,0,0,1,0,0,0,0,0,0,1,0,0,0,0,0
01172699.png,1,1,0,0,1,0,0,0,0,0,0,0,0,0,0,0,0
01173252.png,0,1,0,0,1,0,0,0,0,0,0,0,1,0,0,0,0
01173425.png,0,1,0,0,1,0,0,0,0,1,0,0,0,0,0,0,0
01174372.png,0,0,0,0,0,0,0,0,0,0,0,0,0,1,0,0,0
01175191.png,0,0,0,0,0,0,0,0,0,0,0,0,0,0,0,0,0
01175240.png,0,0,0,0,0,0,0,0,0,0,0,0,0,0,0,0,0
01175762.png,0,0,0,0,0,0,0,0,0,0,0,0,0,0,0,0,0
01176409.png,0,0,0,0,0,0,0,0,0,0,0,0,0,0,0,0,0
01176512.png,0,0,0,0,0,0,0,0,0,0,0,0,0,0,0,0,0
01176754.png,0,0,0,0,0,0,0,0,0,0,0,0,0,0,0,0,0
01176772.png,0,0,0,0,0,0,0,0,0,0,0,0,0,0,0,0,0
01177230.png,0,1,0,0,0,0,0,0,0,0,0,0,1,0,0,0,0
01177638.png,1,0,0,0,0,0,0,0,0,0,0,0,1,0,0,0,0
01178032.png,0,0,0,0,1,1,0,1,1,1,0,0,0,0,0,0,0
01178045.png,0,0,0,0,1,0,0,1,0,0,0,0,0,0,0,0,0
01178491.png,1,1,0,0,0,0,0,0,0,0,1,0,0,0,0,0,1
01178563.png,0,1,0,0,1,0,0,1,0,1,0,1,0,0,0,0,0
01179433.png,1,1,0,0,0,0,0,0,0,0,0,0,0,0,0,0,0
01180185.png,0,0,0,0,0,0,0,0,0,0,0,0,0,0,0,0,0
01181571.png,1,1,0,0,1,0,0,0,0,0,0,0,0,0,0,0,0
01181878.png,1,1,0,0,0,0,0,0,0,0,0,0,1,0,0,0,0
01182851.png,0,1,0,0,0,0,0,0,0,1,0,0,0,0,0,0,0
01183783.png,0,0,0,0,0,0,0,0,0,0,0,0,0,0,0,0,0
01184856.png,0,1,0,0,1,0,0,0,0,1,0,0,0,0,0,0,0
01184969.png,0,0,0,0,0,0,0,0,0,0,0,0,0,1,0,0,0
01185205.png,0,0,0,0,0,0,0,0,0,0,0,0,0,0,0,0,0
01186025.png,0,0,0,0,0,0,0,0,0,0,0,0,0,1,0,0,0
01186372.png,0,0,0,1,1,0,0,0,1,0,0,1,0,0,0,0,0
01186395.png,0,0,0,0,0,0,0,0,0,0,0,0,0,0,0,0,0
01186886.png,0,0,0,0,0,0,0,0,0,0,0,0,0,0,0,0,0
01187156.png,1,0,0,0,1,0,0,0,1,0,0,1,0,0,0,0,0
01187817.png,0,0,0,0,0,0,0,0,0,0,0,0,0,0,0,0,0
01188475.png,0,0,0,0,0,0,0,0,0,0,0,0,0,0,0,0,0
01188744.png,0,0,0,0,0,0,0,0,0,0,0,0,0,0,0,0,0
01189494.png,0,0,0,0,0,0,0,0,0,0,0,0,0,0,0,0,0
01189893.png,0,0,0,0,0,0,0,0,0,1,0,1,0,0,0,0,0
01189971.png,0,0,0,0,0,1,0,0,0,0,0,0,0,0,0,0,0
01190254.png,0,0,0,0,0,0,0,0,0,0,0,0,0,0,0,0,0
01190755.png,0,0,0,0,0,0,0,0,0,0,0,0,0,0,0,0,0
01191401.png,0,0,0,0,0,0,0,0,0,0,0,0,0,0,0,0,0
01192191.png,0,0,0,0,0,0,0,0,0,0,0,0,0,0,0,0,0
01193140.png,0,0,0,0,0,0,0,0,1,0,0,0,0,0,0,0,0
01194523.png,0,0,0,0,0,0,0,0,0,0,0,0,0,0,0,0,0
01194781.png,0,1,0,0,1,0,0,0,1,0,0,1,0,0,0,0,0
01194837.png,0,0,0,0,1,0,0,0,1,1,0,0,0,0,0,0,0
01195204.png,0,1,0,0,1,0,0,0,0,0,0,0,1,0,0,0,0
01195257.png,0,1,0,0,1,0,0,0,1,1,0,1,0,0,0,0,0
01196051.png,0,1,0,0,1,0,0,0,0,0,0,0,0,0,0,0,0
01196134.png,0,1,0,0,0,0,0,0,0,0,0,0,1,0,0,0,0
01196697.png,0,0,0,0,0,0,0,0,0,0,0,0,0,1,0,0,0
01197210.png,0,0,0,0,0,0,0,0,0,0,0,0,0,0,0,0,0
01197262.png,0,1,0,0,0,0,0,0,0,1,0,0,0,0,0,0,0
01197560.png,0,1,0,0,0,0,0,0,0,1,0,0,0,0,0,0,0
01198030.png,0,0,0,0,0,0,0,0,0,0,0,0,0,0,0,0,0
01198100.png,0,1,0,0,1,0,0,0,0,0,0,0,0,1,0,0,0
01198660.png,0,0,0,0,0,0,0,0,0,0,0,0,0,0,0,0,0
01198787.png,0,0,0,0,0,0,0,0,0,0,0,0,0,0,0,0,0
01198941.png,0,0,0,0,0,0,0,0,0,0,0,0,0,0,0,0,0
01199993.png,0,0,0,0,0,0,0,0,0,0,0,0,0,0,0,0,0
01200263.png,0,0,0,0,0,0,0,0,0,0,0,0,0,0,0,0,0
01201683.png,0,0,0,0,0,0,0,0,0,0,0,1,0,0,0,0,0
01201845.png,0,0,0,0,0,0,0,0,0,0,0,0,0,0,0,0,0
01202051.png,0,0,0,0,0,0,0,0,0,0,0,0,0,0,0,0,0
01202058.png,0,0,0,0,0,0,0,0,0,0,0,0,0,0,0,0,0
01202751.png,0,0,0,0,0,0,0,0,0,0,0,0,0,0,0,0,0
01202752.png,0,0,0,0,0,0,0,0,0,0,0,0,0,0,0,0,0
01202897.png,0,0,0,0,0,0,0,0,0,0,0,0,0,0,0,0,0
01203247.png,0,0,0,0,0,0,0,0,0,0,0,0,0,0,0,0,0
01203371.png,0,0,0,0,0,0,0,0,0,0,0,0,0,0,0,0,0
01203990.png,0,0,0,0,0,0,0,0,0,0,0,0,0,0,0,0,0
01204188.png,0,0,0,0,0,0,0,0,0,0,0,0,0,0,0,0,0
01204749.png,0,0,0,0,0,0,0,0,0,0,0,0,0,0,0,0,0
01204901.png,0,0,0,0,0,0,0,0,0,0,0,0,0,0,0,0,0
01206438.png,0,0,0,0,1,1,0,0,0,0,0,0,0,0,0,0,0
01206582.png,0,1,0,0,1,0,0,0,0,0,0,0,0,0,0,0,0
01207331.png,0,0,0,0,0,0,0,0,0,0,0,0,0,0,0,0,0
01208532.png,0,0,0,0,0,0,0,0,0,0,0,0,0,0,0,0,0
01209091.png,0,0,0,0,0,0,0,0,0,0,0,0,0,0,0,0,0
01210396.png,0,1,0,0,1,0,0,0,1,0,1,0,0,0,0,0,0
01210515.png,0,0,0,0,0,0,0,0,0,0,0,0,0,0,0,0,0
01211588.png,0,0,0,1,0,0,0,0,0,0,0,0,0,0,0,0,0
01211623.png,0,0,0,0,0,0,0,0,0,0,0,0,0,0,0,0,0
01211845.png,0,0,0,0,0,0,0,0,0,0,0,0,0,0,0,0,0
01211986.png,0,0,0,0,0,0,0,0,0,0,0,0,0,0,0,0,0
01212165.png,0,0,0,0,0,0,0,0,0,0,1,0,0,0,0,0,0
01212233.png,0,0,0,0,0,0,0,0,0,0,0,0,0,0,0,0,0
01212938.png,0,0,0,0,0,0,0,0,0,0,0,0,0,0,0,0,0
01212967.png,0,0,0,0,0,0,0,0,0,0,0,0,0,0,0,0,0
01213762.png,0,1,0,0,0,0,1,0,0,0,0,0,0,0,0,0,0
01213848.png,0,0,0,0,0,0,0,0,0,0,0,0,0,0,0,0,0
01213967.png,0,0,0,0,0,0,0,0,0,0,0,0,0,0,0,0,0
01214654.png,0,0,0,0,0,0,0,0,0,0,0,0,0,0,0,0,0
01215234.png,0,0,0,0,0,0,0,0,0,0,0,0,0,0,0,0,0
01215457.png,0,0,0,0,0,0,0,0,0,0,0,0,0,0,0,0,0
01215518.png,0,0,0,0,0,0,0,0,0,0,0,0,0,0,0,0,0
01216326.png,0,0,0,0,0,0,0,0,0,1,0,0,0,0,0,0,0
01216719.png,0,0,0,0,0,0,0,0,0,0,0,0,0,0,0,0,0
01218631.png,0,0,0,0,0,0,0,0,0,0,0,0,0,0,0,0,0
01219374.png,0,0,1,1,0,0,0,0,0,0,0,0,0,0,0,0,0
01219973.png,0,1,0,0,0,0,1,0,0,0,0,0,1,0,0,0,0
01219984.png,0,0,0,0,0,0,0,0,0,0,0,0,0,0,0,0,0
01220331.png,0,0,0,0,0,0,0,0,0,0,0,0,0,0,0,0,0
01220797.png,0,0,0,1,0,0,0,0,0,0,0,0,0,1,0,0,0
01220839.png,0,0,0,0,0,0,0,0,0,0,0,0,0,0,0,0,0
01221205.png,0,0,0,0,0,0,0,0,0,0,0,0,0,0,0,0,0
01222785.png,0,0,0,0,0,0,0,0,0,0,0,0,0,0,0,0,0
01223875.png,0,0,0,0,0,0,0,0,0,0,0,0,0,0,0,0,0
01224199.png,0,0,0,0,0,0,0,0,0,0,0,0,0,0,0,0,0
01226265.png,0,0,0,0,0,0,0,0,0,0,0,0,0,0,0,1,0
01226379.png,0,0,0,0,0,0,0,0,0,0,0,0,0,0,1,0,0
01226380.png,0,0,0,0,0,0,0,0,0,0,0,0,0,0,1,0,0
01226678.png,0,0,1,0,0,0,0,0,0,0,0,0,0,0,0,0,0
01226805.png,0,0,0,0,0,0,0,0,0,0,0,0,0,0,1,0,0
01227128.png,0,0,0,0,0,0,0,0,0,0,0,0,0,0,0,0,0
01229291.png,0,0,0,0,0,0,0,0,0,0,0,0,0,0,0,0,0
01229550.png,0,0,0,1,1,0,0,0,0,0,0,0,0,0,0,0,1
01229925.png,0,0,0,0,0,0,0,0,0,0,0,0,0,0,0,0,0
01230775.png,0,0,0,0,0,0,0,0,0,0,0,0,0,0,0,0,0
01230880.png,0,0,0,0,0,0,0,0,0,0,0,0,0,0,0,0,0
01231046.png,0,0,0,0,0,0,0,0,0,0,0,0,0,0,0,0,0
01231095.png,0,0,0,0,0,0,0,0,0,0,0,0,0,0,0,0,0
01231402.png,0,0,0,0,0,0,0,0,0,0,0,0,0,0,0,0,0
01231838.png,0,0,0,0,0,0,0,0,0,0,0,0,0,0,0,0,0
01231851.png,0,0,0,0,0,0,0,0,0,0,0,0,0,0,0,0,0
01232690.png,0,0,0,0,0,0,0,0,0,0,0,0,0,0,0,0,0
01233947.png,0,0,0,0,0,0,0,0,0,0,0,0,0,0,0,0,0
01234231.png,0,0,0,0,0,0,1,0,0,0,0,1,0,0,0,0,0
01234352.png,0,1,0,0,1,0,0,0,0,0,1,0,0,0,0,0,0
01234506.png,0,0,0,0,0,0,1,0,0,0,0,0,1,0,0,0,0
01234823.png,0,0,0,0,0,0,0,0,0,1,0,0,0,0,0,0,0
01234888.png,0,1,0,0,0,0,1,0,0,0,0,0,0,0,0,0,0
01235216.png,0,0,0,0,0,0,0,0,0,0,0,0,0,0,0,0,0
01236612.png,0,0,0,1,0,0,0,0,1,0,0,0,0,0,0,0,0
01236619.png,0,0,0,1,0,0,0,0,1,0,0,0,0,0,0,0,0
01236735.png,0,0,0,0,0,0,0,0,0,0,0,0,0,0,0,0,0
01236821.png,0,0,0,0,0,0,0,0,0,0,0,0,0,0,0,0,0
01236858.png,0,0,0,0,0,0,0,0,0,0,0,0,0,0,0,0,0
01237611.png,0,0,0,0,0,0,0,0,0,0,0,0,0,0,0,0,0
01237698.png,0,0,0,0,0,0,0,0,0,0,0,0,0,0,0,0,0
01237767.png,0,0,0,0,0,0,0,0,0,0,0,0,0,0,0,0,0
01237886.png,0,0,0,0,1,0,0,0,1,0,0,0,0,0,0,0,1
01239617.png,0,0,0,0,0,0,0,0,0,0,0,0,0,0,0,0,0
01240084.png,0,0,0,0,0,0,0,0,0,0,0,0,0,0,0,0,0
01240415.png,0,0,0,0,0,0,0,0,0,0,0,0,0,0,0,0,0
01242783.png,0,0,0,0,0,0,0,0,0,0,0,0,0,0,0,0,0
01243160.png,0,0,0,0,0,0,0,0,0,0,0,0,0,0,0,0,0
01243652.png,0,0,0,0,0,0,0,0,0,0,0,0,0,0,0,0,0
01243895.png,0,0,0,0,0,0,0,0,0,0,0,0,0,0,0,0,0
01244309.png,0,0,1,0,0,0,0,0,0,0,0,0,0,0,0,0,0
01244542.png,0,0,0,0,0,0,0,0,0,0,0,0,0,0,0,0,0
01244865.png,0,0,0,0,1,0,1,0,0,0,0,0,0,0,0,0,0
01244995.png,0,0,0,0,0,0,0,0,0,0,0,0,0,0,0,0,0
01245237.png,0,0,0,0,0,0,0,0,0,0,0,0,0,0,0,0,0
01245469.png,0,0,0,0,0,0,0,0,0,0,0,0,0,0,0,0,0
01245549.png,0,0,0,0,0,0,0,0,0,0,0,0,0,0,0,0,0
01246123.png,1,1,0,0,0,0,0,0,0,1,0,0,0,1,0,0,0
01246400.png,0,0,0,0,0,0,0,0,0,0,0,0,0,0,0,0,0
01246793.png,0,0,0,0,0,0,0,0,0,0,0,0,0,0,0,0,0
01247723.png,0,0,0,0,0,0,0,0,0,0,0,0,0,0,0,0,0
01248041.png,0,0,0,1,0,0,0,0,0,0,0,0,0,0,0,0,0
01248726.png,0,0,0,1,1,0,0,0,1,0,0,0,0,0,0,0,0
01249289.png,0,0,0,1,0,0,0,0,1,0,0,0,0,0,0,0,0
01249609.png,0,0,0,0,0,0,1,0,0,0,0,0,0,1,0,0,0
01249615.png,0,1,0,0,1,0,0,0,0,1,0,0,1,0,0,0,0
01249640.png,0,1,0,0,1,0,0,0,0,0,0,0,0,0,0,0,0
01250145.png,0,1,0,0,1,0,1,0,1,0,0,0,0,0,0,0,0
01250239.png,0,1,0,0,1,0,0,0,0,0,0,0,0,0,0,0,0
01251234.png,0,0,0,0,0,0,0,0,0,0,0,0,0,0,0,0,0
01251883.png,0,1,0,0,1,0,0,0,1,1,0,1,0,0,0,0,0
01252231.png,0,1,0,0,1,0,0,0,0,0,0,1,0,0,0,0,0
01253305.png,0,1,0,0,1,0,0,0,0,0,0,0,0,0,0,0,0
01253895.png,0,1,0,0,1,0,0,0,0,1,0,0,0,0,0,0,0
01253968.png,0,1,0,0,0,0,0,0,0,0,0,1,0,0,0,0,0
01254107.png,0,0,0,0,0,0,0,0,0,0,0,0,0,0,0,0,0
01254732.png,0,1,0,0,1,0,0,0,0,1,0,1,0,0,0,0,0
01255759.png,0,0,0,0,1,0,0,0,1,1,0,0,0,0,0,0,0
01255763.png,0,0,0,0,1,1,0,0,1,1,0,0,0,0,0,0,0
01255867.png,1,1,0,0,1,0,0,0,1,1,0,0,1,0,0,0,0
01256119.png,0,0,0,0,0,0,0,0,1,0,0,0,0,0,1,0,0
01256120.png,0,0,0,0,0,0,0,0,1,0,0,0,0,0,1,0,0
01256169.png,0,0,1,0,0,0,0,0,0,0,0,0,0,0,1,0,0
01256212.png,0,0,1,0,0,0,0,0,0,0,0,0,0,0,0,0,0
01256715.png,0,0,0,0,0,0,0,0,0,0,0,0,0,0,0,0,0
01256974.png,0,0,0,0,0,0,0,0,0,0,0,0,0,0,0,0,0
01259305.png,0,0,0,0,0,0,0,0,0,0,0,0,0,0,0,0,0
01259367.png,0,0,0,0,0,0,0,0,0,0,0,0,0,0,0,0,0
01261679.png,0,0,0,0,0,0,0,0,0,0,0,0,0,0,0,0,0
01262400.png,0,0,0,0,1,0,1,0,0,0,0,0,0,0,0,0,0
01262663.png,1,1,0,0,1,0,1,0,0,0,0,0,0,0,0,0,0
01263188.png,0,1,0,0,0,0,1,0,1,0,0,0,1,0,0,0,1
01263574.png,0,1,0,0,1,0,0,0,0,0,0,0,0,0,0,0,0
01265046.png,0,1,0,0,1,0,1,0,0,0,0,0,0,0,0,0,0
01265222.png,0,1,0,0,1,0,0,0,0,1,0,0,0,0,0,0,0
01266527.png,1,1,0,0,0,0,0,0,1,0,1,0,0,0,0,0,0
01266627.png,0,1,0,0,1,0,0,1,0,1,0,0,0,0,0,0,0
01267162.png,0,0,0,1,0,0,0,0,1,0,0,0,0,0,0,0,0
01267980.png,0,0,0,0,0,0,0,0,0,0,0,0,0,0,0,0,0
01268218.png,0,0,0,0,0,0,0,0,0,0,0,0,0,0,0,0,0
01268850.png,0,0,0,0,0,0,0,0,0,0,0,0,0,0,0,0,0
01269394.png,0,0,0,0,0,0,0,0,0,0,0,0,0,0,0,0,0
01269782.png,0,0,0,0,0,0,0,0,0,0,0,0,0,0,0,0,0
01269862.png,0,0,0,0,0,0,0,0,0,0,0,0,0,0,0,0,0
01270414.png,1,1,0,0,0,0,0,0,0,1,0,0,0,0,0,0,0
01270513.png,0,1,0,0,0,0,0,1,0,1,0,0,0,0,0,0,0
01271764.png,0,0,0,0,0,0,0,0,0,0,0,0,0,0,0,0,0
01271916.png,0,0,0,0,0,0,0,0,0,0,0,0,0,0,0,0,0
01272376.png,0,0,0,0,0,0,0,0,0,0,0,0,0,0,0,0,0
01274525.png,0,0,0,0,0,0,0,0,0,0,0,0,0,0,0,0,0
01274976.png,0,0,0,0,0,0,0,0,0,0,0,0,0,0,0,0,0
01276480.png,0,0,0,0,1,0,0,0,1,0,1,1,0,0,0,0,0
01276548.png,0,0,0,0,0,0,0,0,0,0,0,0,0,0,0,0,0
01276809.png,0,0,0,0,0,0,0,0,0,0,0,0,0,0,0,0,0
01277606.png,0,0,0,1,1,0,0,0,0,1,0,0,0,0,0,0,0
01277734.png,0,0,0,1,0,0,0,0,0,0,0,0,0,0,0,0,0
01278653.png,0,0,0,0,0,0,0,1,0,1,0,0,0,0,0,0,1
01279376.png,0,1,0,0,0,0,0,1,0,0,0,0,0,0,0,0,0
01279529.png,0,0,0,0,1,0,0,1,0,1,0,0,0,0,0,0,0
01279711.png,0,0,0,0,1,0,0,1,0,0,0,0,0,0,0,0,1
01280395.png,0,0,0,0,0,0,0,0,1,1,0,0,0,0,0,0,1
01280544.png,0,1,0,0,0,0,0,0,0,1,1,1,0,0,0,0,0
01280801.png,0,0,0,0,0,0,0,0,0,0,0,0,0,0,0,0,0
01280802.png,0,0,0,0,0,0,0,0,0,0,0,0,0,0,0,0,0
01280882.png,0,0,0,0,1,0,0,0,1,1,0,0,0,0,0,0,1
01281196.png,0,0,0,0,0,0,0,0,0,0,0,0,0,0,0,0,0
01281258.png,1,0,0,0,1,0,0,0,0,1,0,0,0,0,0,0,1
01281348.png,0,0,0,0,1,0,0,1,1,1,0,0,0,0,0,0,0
01281361.png,0,0,0,0,0,0,0,0,1,0,0,0,0,0,0,0,0
01281375.png,0,0,0,0,1,0,0,0,0,0,0,0,0,0,0,0,1
01281386.png,1,1,0,0,0,0,0,1,0,0,0,0,0,0,0,0,0
01281677.png,0,0,0,0,0,0,0,0,0,0,0,0,0,0,0,0,0
01281950.png,0,0,0,1,0,0,0,0,0,0,0,0,0,0,0,0,0
01282694.png,0,0,0,0,1,0,0,0,0,0,0,1,1,0,0,0,0
01283619.png,0,0,0,0,0,0,0,0,0,0,0,0,0,0,0,0,0
01284697.png,0,0,0,0,0,0,0,0,0,0,0,0,0,0,0,0,0
01285488.png,0,0,0,0,1,0,0,0,0,0,0,1,0,0,0,0,0
01285756.png,0,0,0,0,0,0,0,0,0,0,0,0,0,0,0,0,0
01285777.png,0,0,0,0,0,0,0,0,0,0,0,0,0,0,0,0,0
01286283.png,0,0,1,0,1,0,0,0,1,0,0,0,0,0,0,0,1
01286603.png,0,0,0,0,0,0,0,0,0,0,0,0,0,0,0,0,0
01287603.png,0,0,0,0,0,0,0,0,0,0,0,0,0,0,0,0,0
01287619.png,0,0,0,0,0,0,0,0,0,0,0,0,0,0,0,0,0
01287623.png,0,0,0,0,0,0,0,0,0,0,0,0,0,0,0,0,0
01287735.png,0,0,0,0,0,0,0,0,0,0,0,0,0,0,0,0,0
01289075.png,0,0,0,0,0,0,0,0,0,0,0,0,0,0,0,0,0
01289515.png,0,0,0,0,0,0,0,0,0,0,0,0,0,0,0,0,0
01289580.png,0,0,0,0,0,0,0,0,0,0,0,0,0,0,0,0,0
01290141.png,0,0,0,0,0,0,0,0,0,0,0,0,0,0,0,0,0
01290476.png,0,1,0,0,1,0,1,0,0,0,0,0,0,0,0,0,0
01290483.png,0,0,0,0,1,0,0,0,0,1,0,0,0,0,0,0,0
01290627.png,0,0,0,0,0,0,0,1,0,1,0,0,0,0,0,0,0
01291656.png,0,0,0,0,0,0,0,0,0,0,0,0,0,0,0,0,0
01291729.png,0,0,0,0,0,0,0,0,0,0,0,0,0,0,0,0,0
01292006.png,0,0,0,0,0,0,0,0,0,0,0,0,0,0,0,0,0
01293181.png,0,0,0,0,0,0,0,0,0,0,0,0,0,0,0,0,0
01293399.png,0,0,0,0,0,0,0,0,0,0,0,0,0,0,0,0,0
01293666.png,0,0,0,0,0,0,0,0,0,0,0,0,0,0,0,0,0
01293850.png,0,0,0,0,0,0,0,0,0,0,0,0,0,0,0,0,0
01293974.png,0,0,0,0,0,0,0,0,0,0,0,0,0,0,0,0,0
01294138.png,0,0,0,1,0,0,0,0,0,0,0,0,0,0,0,0,0
01294284.png,0,0,0,0,0,0,0,0,0,0,0,0,0,0,0,0,0
01294789.png,0,0,0,0,0,0,0,0,0,0,0,0,0,0,0,0,0
01294824.png,0,0,0,0,0,0,0,0,0,0,0,0,0,0,0,0,0
01294880.png,0,0,0,0,0,0,0,0,1,0,0,0,0,0,0,0,0
01295299.png,0,0,0,0,0,0,0,0,0,0,0,0,0,0,0,0,0
01295618.png,0,0,0,0,0,0,0,0,0,0,0,0,0,0,0,0,0
01296014.png,0,0,0,0,0,0,0,0,0,0,0,0,0,0,0,0,0
01296552.png,0,0,0,1,0,0,0,0,0,0,0,0,0,0,0,0,0
01296578.png,1,0,0,1,1,0,0,0,0,0,0,0,0,0,0,0,0
01296900.png,0,0,0,0,1,0,1,0,0,1,0,0,0,0,0,0,0
01297600.png,0,1,0,0,1,0,1,0,0,0,0,1,1,0,0,0,0
01297802.png,0,0,0,0,0,0,1,0,0,0,0,0,0,0,0,0,0
01298026.png,0,0,0,0,0,0,0,0,0,0,0,0,0,0,0,0,0
01298219.png,0,0,0,0,0,0,0,0,0,0,0,0,0,0,0,0,1
01298273.png,0,0,0,0,0,0,0,0,0,0,0,0,0,0,0,0,0
01299883.png,0,0,0,0,0,0,0,0,0,0,0,0,0,0,0,0,0
01299946.png,0,0,0,0,0,0,0,0,0,0,0,0,0,0,0,0,0
01299960.png,0,0,0,0,0,0,0,0,0,0,0,0,0,0,0,0,0
01299965.png,0,0,0,0,0,0,0,0,0,0,0,0,0,0,0,0,0
01300092.png,0,0,0,0,0,0,0,0,0,0,0,0,0,0,0,0,0
